file,line,kind,text
apps/web/src/App.tsx,288,jsx-text,"Directly support the artist you&rsquo;re listening to"
apps/web/src/App.tsx,288,jsx-text,"right now"
apps/web/src/App.tsx,292,jsx-text,"Unstream finds the places where your favorite music artists &mdash; not big tech companies &mdash; keep up to 97% of every sale."
apps/web/src/App.tsx,319,jsx-text,"Sign in to save artists &rarr;"
apps/web/src/App.tsx,334,jsx-text,"Or search artists anytime at the top of the page 🔎"
apps/web/src/App.tsx,342,jsx-text,"Resolving artist from link..."
apps/web/src/App.tsx,357,prop,"Searching platforms"
apps/web/src/App.tsx,359,jsx-text,"Searching platforms..."
apps/web/src/App.tsx,367,jsx-text,"Searching more platforms..."
apps/web/src/App.tsx,374,jsx-text,"Loading more sources..."
apps/web/src/App.tsx,399,jsx-text,"No results found"
apps/web/src/App.tsx,401,jsx-text,"Try a different search term"
apps/web/src/App.tsx,438,jsx-text,"Keep track of artists you want to support"
apps/web/src/App.tsx,444,jsx-text,"🎧"
apps/web/src/App.tsx,446,jsx-text,"Automatic detection"
apps/web/src/App.tsx,447,jsx-text,"The macOS menu bar app detects what&rsquo;s playing in Spotify, Apple Music, or any media player on your Mac &mdash; no copy-paste needed."
apps/web/src/App.tsx,451,jsx-text,"📋"
apps/web/src/App.tsx,453,jsx-text,"Save artists"
apps/web/src/App.tsx,454,jsx-text,"Build a list of artists you want to support. The app remembers them so you always know where to buy their music."
apps/web/src/App.tsx,458,jsx-text,"🔔"
apps/web/src/App.tsx,460,jsx-text,"Release alerts"
apps/web/src/App.tsx,461,jsx-text,"Get notified when artists you follow release new music. Never miss a drop from the artists you care about."
apps/web/src/App.tsx,465,jsx-text,"🎵"
apps/web/src/App.tsx,468,jsx-text,"The browser extension detects what you&rsquo;re listening to on Spotify Web and other streaming sites and scrobbles it to ListenBrainz."
apps/web/src/App.tsx,472,jsx-text,"🔒"
apps/web/src/App.tsx,474,jsx-text,"Fully anonymous"
apps/web/src/App.tsx,475,jsx-text,"No account required. No personal data collected. Only anonymized searches and clicks &mdash; nothing else."
apps/web/src/App.tsx,486,jsx-text,"Unstream is free because the point is getting money to artists, not charging you. If you find it useful, consider"
apps/web/src/App.tsx,488,jsx-text,"supporting its development"
apps/web/src/App.tsx,489,jsx-text,"🤘"
apps/web/src/App.tsx,495,jsx-text,"Available sources"
apps/web/src/App.tsx,543,jsx-text,"Frequently asked questions →"
apps/web/src/App.tsx,558,jsx-text,"Get in touch"
apps/web/src/App.tsx,561,jsx-text,"Can't find the artist you want to support? Have a feature idea? Reach out below."
apps/web/src/components/AdminCatalogButton.tsx,183,jsx-text,"Catalog releases now"
apps/web/src/components/AdminDuplicateArtists.tsx,74,template,"`text-xs font-mono uppercase ${keep ? 'text-green-400' : 'text-red-400'}`"
apps/web/src/components/AdminDuplicateArtists.tsx,80,jsx-text,"links ·"
apps/web/src/components/AdminDuplicateArtists.tsx,249,jsx-text,"Loading duplicate artists…"
apps/web/src/components/AdminDuplicateArtists.tsx,255,jsx-text,"Duplicate artist rows ("
apps/web/src/components/AdminDuplicateArtists.tsx,274,jsx-text,"Mergeable pairs have evidence beyond their names. The rest need a look — two artists can share a name, so merging on the name alone would put one artist’s links on another’s page."
apps/web/src/components/AdminDuplicateArtists.tsx,279,jsx-text,"Mergeable ("
apps/web/src/components/AdminDuplicateArtists.tsx,282,jsx-text,"Nothing to merge."
apps/web/src/components/AdminDuplicateArtists.tsx,288,template,"`inline-block px-2 py-0.5 rounded border text-xs ${EVIDENCE_STYLE[pair.evidence]}`"
apps/web/src/components/AdminDuplicateArtists.tsx,297,jsx-text,"shared titles:"
apps/web/src/components/AdminDuplicateArtists.tsx,304,jsx-text,"This merge would write, then delete /"
apps/web/src/components/AdminDuplicateArtists.tsx,304,jsx-text,"and alias it to /"
apps/web/src/components/AdminDuplicateArtists.tsx,330,jsx-text,"Apply merge"
apps/web/src/components/AdminDuplicateArtists.tsx,340,jsx-text,"Needs a look ("
apps/web/src/components/AdminDuplicateArtists.tsx,343,jsx-text,"Nothing here has evidence beyond the names, so decide each one yourself. If they really are one artist, preview and merge. If they are two different acts, mark them as such and they’ll stop appearing — that decision is recorded and can be undone."
apps/web/src/components/AdminDuplicateArtists.tsx,351,template,"`inline-block px-2 py-0.5 rounded border text-xs ${EVIDENCE_STYLE[pair.evidence]}`"
apps/web/src/components/AdminDuplicateArtists.tsx,365,jsx-text,"This merge would write, then delete /"
apps/web/src/components/AdminDuplicateArtists.tsx,365,jsx-text,"and alias it to /"
apps/web/src/components/AdminDuplicateArtists.tsx,380,prop,"Why are they different? (optional, saved with the decision)"
apps/web/src/components/AdminDuplicateArtists.tsx,399,jsx-text,"Merge anyway"
apps/web/src/components/AdminDuplicateArtists.tsx,407,jsx-text,"Not duplicates"
apps/web/src/components/AdminDuplicateArtists.tsx,417,jsx-text,"Marked as different artists ("
apps/web/src/components/AdminDuplicateArtists.tsx,445,jsx-text,"Slugs to fix ("
apps/web/src/components/AdminDuplicateArtists.tsx,448,jsx-text,"These slugs were mangled before accent folding."
apps/web/src/components/AdminDuplicateArtists.tsx,448,jsx-text,"other rows are left alone because an artist chose their slug by hand. The old slug keeps working after the change."
apps/web/src/components/AdminDuplicateArtists.tsx,455,jsx-text,"→ /"
apps/web/src/components/AdminRemoveLinkDialog.tsx,70,jsx-text,"Remove this link"
apps/web/src/components/AdminRemoveLinkDialog.tsx,81,jsx-text,"Apply to"
apps/web/src/components/AdminRemoveLinkDialog.tsx,93,jsx-text,"Another artist with the same name keeps this link."
apps/web/src/components/AdminRemoveLinkDialog.tsx,106,jsx-text,"Every artist"
apps/web/src/components/AdminRemoveLinkDialog.tsx,108,jsx-text,"This URL never appears in any search result."
apps/web/src/components/AdminRemoveLinkDialog.tsx,116,jsx-text,"Reason (optional)"
apps/web/src/components/AdminRemoveLinkDialog.tsx,123,prop,"Not the real artist"
apps/web/src/components/AdminTipsApprovals.tsx,70,jsx-text,"Tips accounts"
apps/web/src/components/AdminTipsApprovals.tsx,70,jsx-text,"(Stripe test mode)"
apps/web/src/components/AdminTipsApprovals.tsx,73,jsx-text,"No artist has connected Stripe yet."
apps/web/src/components/AdminTipsApprovals.tsx,78,jsx-text,"Claimed artist"
apps/web/src/components/AdminTipsApprovals.tsx,80,template,"`/a/${a.artistSlug}`"
apps/web/src/components/AdminTipsApprovals.tsx,81,jsx-text,"Claim email:"
apps/web/src/components/AdminTipsApprovals.tsx,84,jsx-text,"Stripe account"
apps/web/src/components/AdminTipsApprovals.tsx,87,jsx-text,"Stripe:"
apps/web/src/components/AdminTipsApprovals.tsx,91,jsx-text,"· charges"
apps/web/src/components/AdminTipsApprovals.tsx,91,jsx-text,"· artist switch"
apps/web/src/components/AdminTipsApprovals.tsx,91,jsx-text,"· fee"
apps/web/src/components/AdminTipsApprovals.tsx,95,jsx-text,"Connected by someone who no longer owns this profile. Don't approve."
apps/web/src/components/AdminTipsApprovals.tsx,106,jsx-text,"Approve tips"
apps/web/src/components/AdminTipsApprovals.tsx,109,jsx-text,"Can't approve yet:"
apps/web/src/components/AdminTipsApprovals.tsx,114,jsx-text,"Switch tips off"
apps/web/src/components/AppFallback.tsx,8,prop,"Loading page"
apps/web/src/components/AppFallback.tsx,24,jsx-text,"Something went wrong"
apps/web/src/components/AppFallback.tsx,26,jsx-text,"Unstream hit an unexpected error. Reloading usually clears it — that normally means a new version shipped while this page was open."
apps/web/src/components/AppFallback.tsx,45,jsx-text,"Back to Unstream"
apps/web/src/components/ArtistAnalytics.tsx,71,prop,"Loading analytics"
apps/web/src/components/ArtistAnalytics.tsx,87,jsx-text,"Page views"
apps/web/src/components/ArtistAnalytics.tsx,91,jsx-text,"Link clicks"
apps/web/src/components/ArtistAnalytics.tsx,98,jsx-text,"Clicks by platform"
apps/web/src/components/ArtistAnalytics.tsx,118,jsx-text,"No activity yet for this period."
apps/web/src/components/ArtistIndexPage.tsx,103,template,"`#letter-${letter}`"
apps/web/src/components/ArtistIndexPage.tsx,116,template,"`letter-${letter}`"
apps/web/src/components/ArtistIndexPage.tsx,125,template,"`${linkPrefix}/${artist.slug}`"
apps/web/src/components/ArtistSettingsHeader.tsx,14,prop,"Edit Profile"
apps/web/src/components/ArtistSettingsHeader.tsx,15,prop,"Manage Tips"
apps/web/src/components/ArtistSettingsHeader.tsx,16,prop,"Manage Releases"
apps/web/src/components/ArtistSettingsHeader.tsx,46,jsx-text,"&larr; Dashboard"
apps/web/src/components/ArtistSettingsHeader.tsx,54,template,"`/a/${slug}`"
apps/web/src/components/ArtistSettingsHeader.tsx,55,jsx-text,"View live profile"
apps/web/src/components/ArtistSettingsHeader.tsx,58,prop,"Artist settings"
apps/web/src/components/ArtistSettingsHeader.tsx,62,template,"`/artist-edit/${slug}${tab.path}`"
apps/web/src/components/ArtistSettingsHeader.tsx,64,template,"`inline-flex items-center min-h-11 px-2 sm:px-3 -mb-px border-b-2 text-sm whitespace-nowrap transition-colors ${ tab.id === active ? 'border-accent-primary text-text-primary font-medium' : 'border-transparent text-text-muted hover:text-text-primary' }`"
apps/web/src/components/ArtistTipsAddendum.tsx,8,jsx-text,"Taking tips through Unstream"
apps/web/src/components/ArtistTipsAddendum.tsx,10,jsx-text,"Fans pay you directly, into your own Stripe account. You're the seller of record, and tips are for your music."
apps/web/src/components/ArtistTipsAddendum.tsx,11,jsx-text,"Stripe's processing fees come out of your Stripe balance. Unstream's fee is 0% unless you choose to share up to 5%."
apps/web/src/components/ArtistTipsAddendum.tsx,12,jsx-text,"Refunds, chargebacks and disputes are yours, not Unstream's. You handle them in your Stripe dashboard, and refunded or disputed amounts and Stripe's dispute fees come out of your Stripe balance."
apps/web/src/components/ArtistTipsAddendum.tsx,13,jsx-text,"While your Stripe account is connected to Unstream, refunding a tip returns Unstream's share of the fee on it, and if you lose a fan's dispute, Unstream returns its fee on that tip too."
apps/web/src/components/ArtistTipsAddendum.tsx,14,jsx-text,"Goals are trackers, not pledges: say so honestly, and don't promise fans a refund if a goal isn't met."
apps/web/src/components/ArtistTipsAddendum.tsx,15,jsx-text,"You're responsible for any taxes on what you receive."
apps/web/src/components/ArtistTipsAddendum.tsx,16,jsx-text,"Unstream reviews each artist's first setup, and can switch tips off for abuse or for a profile that misrepresents who runs it."
apps/web/src/components/ArtistTipsAddendum.tsx,19,jsx-text,"These add to the"
apps/web/src/components/ArtistTipsAddendum.tsx,19,jsx-text,"Terms of Use"
apps/web/src/components/ArtistTipsPanel.tsx,56,jsx-text,"Stripe test mode: no real money moves."
apps/web/src/components/ArtistTipsPanel.tsx,60,jsx-text,"This profile has a Stripe account connected by a previous owner. Email support@unstream.stream and we'll sort it out."
apps/web/src/components/ArtistTipsPanel.tsx,66,jsx-text,"Stripe has your details and is checking them. That usually takes a few minutes, sometimes a day or two."
apps/web/src/components/ArtistTipsPanel.tsx,67,jsx-text,"There's nothing you need to do. Stripe emails you if it needs anything, and this page updates once it's done."
apps/web/src/components/ArtistTipsPanel.tsx,71,jsx-text,"Stripe didn't approve this account, so it can't take payments."
apps/web/src/components/ArtistTipsPanel.tsx,73,jsx-text,"See why in your Stripe dashboard →"
apps/web/src/components/ArtistTipsPanel.tsx,78,jsx-text,"Stripe needs a few more details before fans can tip you."
apps/web/src/components/ArtistTipsPanel.tsx,80,jsx-text,"Continue on Stripe"
apps/web/src/components/ArtistTipsPanel.tsx,87,jsx-text,"Stripe is connected. We check each artist's first setup by hand, so it's clear the account belongs to you — usually within a day. You can get everything ready meanwhile."
apps/web/src/components/ArtistTipsPanel.tsx,93,jsx-text,"Take tips on Unstream"
apps/web/src/components/ArtistTipsPanel.tsx,94,jsx-text,"(goes live once Unstream has checked your setup)"
apps/web/src/components/ArtistTipsPanel.tsx,97,jsx-text,"Unstream's share"
apps/web/src/components/ArtistTipsPanel.tsx,115,prop,"This month"
apps/web/src/components/ArtistTipsPanel.tsx,116,prop,"All time"
apps/web/src/components/ArtistTipsPanel.tsx,123,jsx-text,"See what fans see"
apps/web/src/components/ArtistTipsPanel.tsx,123,template,"`/tip/${slug}`"
apps/web/src/components/ArtistTipsPanel.tsx,125,jsx-text,"Payouts, refunds and receipts in Stripe ↗"
apps/web/src/components/ArtistTipsPanel.tsx,151,jsx-text,"paid · ~"
apps/web/src/components/ArtistTipsPanel.tsx,151,jsx-text,"to you"
apps/web/src/components/ArtistTipsPanel.tsx,169,jsx-text,"Let fans tip you from Unstream, straight into your own Stripe account. You're the seller; Unstream never holds the money."
apps/web/src/components/ArtistTipsPanel.tsx,173,jsx-text,"Stripe keeps ~"
apps/web/src/components/ArtistTipsPanel.tsx,173,jsx-text,"(2.9% + 30¢)"
apps/web/src/components/ArtistTipsPanel.tsx,174,jsx-text,"0% by default; you can choose to share up to 5%"
apps/web/src/components/ArtistTipsPanel.tsx,175,jsx-text,"can cover the fees, so you get the full amount"
apps/web/src/components/ArtistTipsPanel.tsx,179,jsx-text,"Where you're based"
apps/web/src/components/ArtistTipsPanel.tsx,182,jsx-text,"Somewhere else"
apps/web/src/components/ArtistTipsPanel.tsx,187,jsx-text,"Stripe isn't available in your country yet, so tips through Unstream aren't either. You can still add Ko-fi, Patreon or Liberapay to your profile from the Edit page, and fans will find them there."
apps/web/src/components/ArtistTipsPanel.tsx,195,jsx-text,"I agree to these terms for taking tips."
apps/web/src/components/BandcampConnect.tsx,215,jsx-text,"Loading Bandcamp connection…"
apps/web/src/components/BandcampConnect.tsx,226,jsx-text,"Import the music you've bought on Bandcamp into your collection. This reads your collection and never changes anything on Bandcamp."
apps/web/src/components/BandcampConnect.tsx,238,jsx-text,"Bandcamp's Fan Settings"
apps/web/src/components/BandcampConnect.tsx,240,jsx-text,"and turn on"
apps/web/src/components/BandcampConnect.tsx,244,jsx-text,"Paste the username and password below. Skip the server address — it's always the same, and Unstream fills it in."
apps/web/src/components/BandcampConnect.tsx,252,jsx-text,"Username (from Bandcamp)"
apps/web/src/components/BandcampConnect.tsx,265,jsx-text,"Password (from Bandcamp)"
apps/web/src/components/BandcampConnect.tsx,285,jsx-text,"Bandcamp's Subsonic support is in beta and may change or break. Your credential is stored encrypted, and you can disconnect — and delete everything imported — at any time."
apps/web/src/components/BandcampConnect.tsx,295,jsx-text,"Connected as"
apps/web/src/components/BandcampConnect.tsx,300,jsx-text,"Importing your collection… Large collections can take a while in Bandcamp's beta. You can leave this page."
apps/web/src/components/BandcampConnect.tsx,344,jsx-text,"Disconnect Bandcamp? Your stored credential is deleted either way — choose what happens to the releases already imported."
apps/web/src/components/BandcampConnect.tsx,354,jsx-text,"Disconnect, keep items"
apps/web/src/components/BandcampConnect.tsx,362,jsx-text,"Disconnect and delete items"
apps/web/src/components/ClaimCheckEmailStep.tsx,18,jsx-text,"📧"
apps/web/src/components/ClaimCheckEmailStep.tsx,19,jsx-text,"Check your email"
apps/web/src/components/ClaimCheckEmailStep.tsx,21,jsx-text,"We sent a sign-in link to"
apps/web/src/components/ClaimCheckEmailStep.tsx,25,jsx-text,"Don't see it? Check your spam or junk folder."
apps/web/src/components/ClaimCheckEmailStep.tsx,27,jsx-text,"If you used Apple's Hide My Email, delivery may take a few extra minutes."
apps/web/src/components/ClaimCheckEmailStep.tsx,45,jsx-text,"Use a different email"
apps/web/src/components/ClaimDoneStep.tsx,13,jsx-text,"Profile claimed!"
apps/web/src/components/ClaimDoneStep.tsx,16,jsx-text,"Your artist page is already live and verified. You can edit your profile from your dashboard."
apps/web/src/components/ClaimDoneStep.tsx,20,jsx-text,"Your artist page is now live. We found"
apps/web/src/components/ClaimDoneStep.tsx,21,jsx-text,"from your website."
apps/web/src/components/ClaimDoneStep.tsx,25,template,"`/a/${slug}?claimed`"
apps/web/src/components/ClaimDoneStep.tsx,28,jsx-text,"View your artist page"
apps/web/src/components/ClaimedArtistsSection.tsx,73,jsx-text,"Your Artists"
apps/web/src/components/ClaimedArtistsSection.tsx,101,jsx-text,"unstream.stream/a/"
apps/web/src/components/ClaimedArtistsSection.tsx,105,template,"`/artist-edit/${profile.slug}`"
apps/web/src/components/ClaimedArtistsSection.tsx,111,template,"`/a/${profile.slug}`"
apps/web/src/components/ClaimEmailStep.tsx,18,jsx-text,"Your email address"
apps/web/src/components/ClaimEmailStep.tsx,26,prop,"artist@example.com"
apps/web/src/components/ClaimEmailStep.tsx,39,jsx-text,"You also confirm you're this artist, or authorized to act for them."
apps/web/src/components/ClaimManualReviewStep.tsx,21,jsx-text,"Request manual verification"
apps/web/src/components/ClaimManualReviewStep.tsx,23,jsx-text,"If automated verification isn't working, we can review your request manually. Tell us who you are and provide any proof that you're associated with"
apps/web/src/components/ClaimManualReviewStep.tsx,24,jsx-text,"-- links to your profiles on other platforms, social media accounts, etc."
apps/web/src/components/ClaimManualReviewStep.tsx,30,jsx-text,"Your message"
apps/web/src/components/ClaimManualReviewStep.tsx,58,jsx-text,"Back to automated verification"
apps/web/src/components/ClaimManualReviewSubmittedStep.tsx,13,jsx-text,"📋"
apps/web/src/components/ClaimManualReviewSubmittedStep.tsx,14,jsx-text,"Request submitted"
apps/web/src/components/ClaimManualReviewSubmittedStep.tsx,17,jsx-text,"We found the Unstream link on your website. Because it isn't a site we already have on record for this artist, a person checks it before your profile goes live. This keeps anyone else from claiming your page and swapping in their own links."
apps/web/src/components/ClaimManualReviewSubmittedStep.tsx,23,jsx-text,"Your verification request has been submitted. We'll review it within a few days and notify you at"
apps/web/src/components/ClaimManualReviewSubmittedStep.tsx,27,template,"`/a/${slug}`"
apps/web/src/components/ClaimManualReviewSubmittedStep.tsx,30,jsx-text,"View artist page"
apps/web/src/components/ClaimReviewStep.tsx,43,jsx-text,"Review your profile"
apps/web/src/components/ClaimReviewStep.tsx,45,jsx-text,"We found"
apps/web/src/components/ClaimReviewStep.tsx,45,jsx-text,"from your website. Uncheck any that don't belong to you, then confirm."
apps/web/src/components/ClaimReviewStep.tsx,52,jsx-text,"Profile Photo"
apps/web/src/components/ClaimReviewStep.tsx,70,jsx-text,"New photo selected"
apps/web/src/components/ClaimReviewStep.tsx,80,jsx-text,"This photo was auto-discovered. If it's wrong, pull a new one from one of your platforms:"
apps/web/src/components/ClaimReviewStep.tsx,84,jsx-text,"No photo found. Pull one from a platform:"
apps/web/src/components/ClaimReviewStep.tsx,104,jsx-text,"No supported platforms found. You can update your photo later from the editor."
apps/web/src/components/ClaimReviewStep.tsx,117,jsx-text,"We pre-filled this from public data where we could. Correct it if it's wrong or leave blank to skip."
apps/web/src/components/ClaimReviewStep.tsx,141,jsx-text,"Your Links"
apps/web/src/components/ClaimReviewStep.tsx,145,template,"`${link.platform}-${index}`"
apps/web/src/components/ClaimReviewStep.tsx,146,template,"`flex items-center gap-3 p-3 rounded-lg border transition-colors cursor-pointer ${ link.checked ? 'bg-bg-secondary border-border' : 'bg-bg-primary border-border/50 opacity-50' }`"
apps/web/src/components/ClaimReviewStep.tsx,172,jsx-text,"No links discovered. You can add links later from your dashboard."
apps/web/src/components/ClaimStepIndicator.tsx,12,jsx-text,"1. Sign in"
apps/web/src/components/ClaimStepIndicator.tsx,16,jsx-text,"2. Website"
apps/web/src/components/ClaimStepIndicator.tsx,20,jsx-text,"3. Verify"
apps/web/src/components/ClaimStepIndicator.tsx,24,jsx-text,"4. Review"
apps/web/src/components/ClaimVerifyStep.tsx,13,jsx-text,"Add this link to your website:"
apps/web/src/components/ClaimVerifyStep.tsx,22,prop,"Copy URL"
apps/web/src/components/ClaimVerifyStep.tsx,28,jsx-text,"Add a link anywhere on your website that points to the URL above. This proves you own the website. You can remove it after verification."
apps/web/src/components/ClaimVerifyStep.tsx,45,jsx-text,"Having trouble? Request manual verification"
apps/web/src/components/ClaimWebsiteStep.tsx,13,jsx-text,"Your official website or link-in-bio"
apps/web/src/components/ClaimWebsiteStep.tsx,25,jsx-text,"This can be your personal website, Linktree, Carrd, or any page you control."
apps/web/src/components/CollectionGrid.tsx,23,template,"`relative group ${item.dimmed ? 'opacity-40' : ''}`"
apps/web/src/components/CollectionGrid.tsx,27,template,"`${item.title} by ${item.artistName}`"
apps/web/src/components/CollectionGrid.tsx,118,prop,"Sort collection"
apps/web/src/components/CollectionGrid.tsx,137,prop,"Collection pages"
apps/web/src/components/CollectionGrid.tsx,148,template,"`gap-${i}`"
apps/web/src/components/CollectionGrid.tsx,156,template,"`Page ${n}`"
apps/web/src/components/CollectionGrid.tsx,158,template,"`min-w-8 px-2 py-1 rounded text-sm ${ n === safePage ? 'bg-accent-primary text-white' : 'text-text-muted hover:text-text-primary hover:bg-bg-hover' }`"
apps/web/src/components/CollectionSection.tsx,84,jsx-text,"Your Collection"
apps/web/src/components/CollectionSection.tsx,90,jsx-text,"Loading your collection…"
apps/web/src/components/CollectionSection.tsx,93,jsx-text,"No releases in your collection yet."
apps/web/src/components/CollectionSection.tsx,95,jsx-text,"Bought music on Bandcamp?"
apps/web/src/components/CollectionSection.tsx,97,jsx-text,"Connect your collection in Settings"
apps/web/src/components/CollectionSection.tsx,99,jsx-text,"and it fills in from what you've actually bought."
apps/web/src/components/CollectionSection.tsx,120,template,"`absolute top-1.5 right-1.5 p-1.5 rounded-md bg-black/60 text-white transition-opacity disabled:opacity-50 ${ item.hidden ? 'opacity-100' : 'opacity-0 group-hover:opacity-100 focus:opacity-100' }`"
apps/web/src/components/DownloadGrid.tsx,55,prop,"Download for macOS"
apps/web/src/components/DownloadGrid.tsx,68,prop,"Get iOS Shortcut"
apps/web/src/components/DownloadGrid.tsx,83,prop,"Install for Chrome"
apps/web/src/components/DownloadGrid.tsx,98,prop,"Install for Firefox"
apps/web/src/components/DownloadGrid.tsx,116,prop,"Add to Home Screen"
apps/web/src/components/DownloadGrid.tsx,129,prop,"Get iOS Shortcut"
apps/web/src/components/DownloadGrid.tsx,147,prop,"Add to Home Screen"
apps/web/src/components/DownloadGrid.tsx,162,prop,"Install for Chrome"
apps/web/src/components/DownloadGrid.tsx,179,prop,"Install for Firefox"
apps/web/src/components/DownloadGrid.tsx,198,prop,"Install for Chrome"
apps/web/src/components/DownloadGrid.tsx,213,prop,"Install for Firefox"
apps/web/src/components/DownloadGrid.tsx,264,jsx-text,"Also available for"
apps/web/src/components/DownloadGrid.tsx,305,jsx-text,"Add Unstream to your Home Screen"
apps/web/src/components/DownloadGrid.tsx,308,jsx-text,"1."
apps/web/src/components/DownloadGrid.tsx,309,jsx-text,"Tap the"
apps/web/src/components/DownloadGrid.tsx,309,jsx-text,"Share button"
apps/web/src/components/DownloadGrid.tsx,309,jsx-text,"at the bottom of Safari"
apps/web/src/components/DownloadGrid.tsx,312,jsx-text,"2."
apps/web/src/components/DownloadGrid.tsx,313,jsx-text,"Scroll down and tap"
apps/web/src/components/DownloadGrid.tsx,313,jsx-text,"&ldquo;Add to Home Screen&rdquo;"
apps/web/src/components/DownloadGrid.tsx,316,jsx-text,"3."
apps/web/src/components/DownloadGrid.tsx,317,jsx-text,"&ldquo;Add&rdquo;"
apps/web/src/components/DownloadGrid.tsx,317,jsx-text,"in the top right"
apps/web/src/components/DownloadGrid.tsx,324,jsx-text,"Got it"
apps/web/src/components/Footer.tsx,7,jsx-text,"Made with love in Massachusetts, USA"
apps/web/src/components/Footer.tsx,9,jsx-text,"Indie Artist Index"
apps/web/src/components/Footer.tsx,10,jsx-text,"&#x2022;"
apps/web/src/components/Footer.tsx,11,jsx-text,"Artists You Know"
apps/web/src/components/Footer.tsx,12,jsx-text,"&#x2022;"
apps/web/src/components/Footer.tsx,14,jsx-text,"&#x2022;"
apps/web/src/components/Footer.tsx,16,jsx-text,"&#x2022;"
apps/web/src/components/Footer.tsx,17,jsx-text,"Press kit"
apps/web/src/components/Footer.tsx,18,jsx-text,"&#x2022;"
apps/web/src/components/Footer.tsx,19,jsx-text,"Support Unstream"
apps/web/src/components/Footer.tsx,20,jsx-text,"&#x2022;"
apps/web/src/components/Footer.tsx,22,jsx-text,"&#x2022;"
apps/web/src/components/Footer.tsx,24,jsx-text,"&#x2022;"
apps/web/src/components/Footer.tsx,25,jsx-text,"Terms of use"
apps/web/src/components/Footer.tsx,26,jsx-text,"&#x2022;"
apps/web/src/components/Footer.tsx,27,jsx-text,"Privacy policy"
apps/web/src/components/GoalProgress.tsx,23,template,"`${goal.title}: ${percent}%`"
apps/web/src/components/GoalProgress.tsx,27,jsx-text,"% — past the goal"
apps/web/src/components/Header.tsx,109,prop,"Removed links"
apps/web/src/components/Header.tsx,125,prop,"Press kit"
apps/web/src/components/Header.tsx,162,prop,"Search artists"
apps/web/src/components/Header.tsx,208,jsx-text,"Sign out"
apps/web/src/components/HeaderSearch.tsx,83,prop,"Search artists..."
apps/web/src/components/HeaderSearch.tsx,84,prop,"Search artists"
apps/web/src/components/LegalConsent.tsx,17,jsx-text,"By continuing you agree to Unstream's"
apps/web/src/components/LegalConsent.tsx,18,jsx-text,"Terms of Use"
apps/web/src/components/LegalConsent.tsx,20,jsx-text,"Privacy Policy"
apps/web/src/components/LoadingProfile.tsx,6,prop,"Loading profile"
apps/web/src/components/LoadingSkeletons.tsx,138,template,"`h-4 flex-1 ${i === 0 ? '' : 'opacity-70'}`"
apps/web/src/components/LocationField.tsx,67,prop,"e.g. Brooklyn, NY"
apps/web/src/components/LocationField.tsx,74,jsx-text,"Shown on your public profile if you enable sharing. Optional."
apps/web/src/components/LoginInterstitial.tsx,79,jsx-text,"Check your email"
apps/web/src/components/LoginInterstitial.tsx,81,jsx-text,"We sent a login link to"
apps/web/src/components/LoginInterstitial.tsx,92,jsx-text,"Sign up or log in to save this artist"
apps/web/src/components/LoginInterstitial.tsx,94,jsx-text,"With Unstream, keep track of artists you want to support, get new release alerts, and more."
apps/web/src/components/LoginInterstitial.tsx,107,prop,"your@email.com"
apps/web/src/components/LoginInterstitial.tsx,123,jsx-text,"Sign in with password instead"
apps/web/src/components/LoginInterstitial.tsx,132,prop,"your@email.com"
apps/web/src/components/LoginInterstitial.tsx,155,jsx-text,"Use magic link instead"
apps/web/src/components/MacAppPromo.tsx,9,jsx-text,"Support the artist you're listening to right now"
apps/web/src/components/MacAppPromo.tsx,12,jsx-text,"Unstream for macOS detects what's playing in Spotify or Apple Music and shows the best ways to support that artist, right in your menu bar."
apps/web/src/components/MacAppPromo.tsx,15,jsx-text,"The browser extension does the same for any music playing in your browser (YouTube, Soundcloud, and more)."
apps/web/src/components/MacAppPromo.tsx,18,jsx-text,"Unstream is free because the point is getting money to artists, not charging you to find them. If you find it useful, consider"
apps/web/src/components/MacAppPromo.tsx,18,jsx-text,"supporting its development"
apps/web/src/components/MacAppPromo.tsx,18,jsx-text,"🤘"
apps/web/src/components/MacAppPromo.tsx,29,jsx-text,"Download for macOS"
apps/web/src/components/MacAppPromo.tsx,41,jsx-text,"Install for Chrome"
apps/web/src/components/MacAppPromo.tsx,52,jsx-text,"Install for Firefox"
apps/web/src/components/MacAppPromo.tsx,56,jsx-text,"Safari extension coming soon!"
apps/web/src/components/MacAppPromo.tsx,61,prop,"Unstream for macOS showing artist platforms in the menu bar"
apps/web/src/components/MobileNav.tsx,93,prop,"Open menu"
apps/web/src/components/MobileNav.tsx,103,template,"`fixed inset-0 z-50 overflow-hidden sm:hidden ${open ? '' : 'pointer-events-none'}`"
apps/web/src/components/MobileNav.tsx,108,template,"`absolute inset-0 bg-black/60 backdrop-blur-sm transition-opacity duration-250 motion-reduce:transition-none ${ open ? 'opacity-100' : 'opacity-0' }`"
apps/web/src/components/MobileNav.tsx,115,prop,"Main menu"
apps/web/src/components/MobileNav.tsx,116,template,"`absolute inset-y-0 right-0 flex w-72 max-w-[85vw] flex-col border-l border-border bg-bg-primary shadow-2xl transition-transform duration-250 ease-out motion-reduce:transition-none ${ open ? 'translate-x-0' : 'translate-x-full' }`"
apps/web/src/components/MobileNav.tsx,128,prop,"Close menu"
apps/web/src/components/MobileNav.tsx,146,template,"`px-6 pt-4 pb-1 text-xs font-medium uppercase tracking-wider ${ entry.emphasis ? 'text-accent-primary' : 'text-text-muted' }`"
apps/web/src/components/MobileNav.tsx,156,template,"`block px-6 py-3 text-base hover:bg-bg-hover transition-colors ${ item.emphasis ? 'text-accent-primary font-medium' : 'text-text-primary' }`"
apps/web/src/components/MobileNav.tsx,171,template,"`border-b border-border px-6 py-4 text-base hover:bg-bg-hover transition-colors ${ entry.emphasis ? 'text-accent-primary font-medium' : 'text-text-primary' }`"
apps/web/src/components/MobileNav.tsx,182,template,"`border-b border-border px-6 py-4 text-base hover:bg-bg-hover transition-colors ${ entry.emphasis ? 'text-accent-primary font-medium' : 'text-text-primary' }`"
apps/web/src/components/MobileNav.tsx,200,jsx-text,"Sign out"
apps/web/src/components/NavDropdown.tsx,40,template,"`flex items-center gap-1 transition-colors ${ group.emphasis ? 'text-accent-primary font-medium hover:underline' : 'text-text-muted hover:text-text-primary' }`"
apps/web/src/components/NavDropdown.tsx,48,template,"`w-3.5 h-3.5 transition-transform ${open ? 'rotate-180' : ''}`"
apps/web/src/components/NavDropdown.tsx,65,template,"`block px-4 py-2 text-sm hover:bg-bg-hover transition-colors ${ item.emphasis ? 'text-accent-primary font-medium' : 'text-text-primary' }`"
apps/web/src/components/NewsletterPrompt.tsx,51,jsx-text,"Check your inbox for a confirmation email from"
apps/web/src/components/NewsletterPrompt.tsx,75,jsx-text,"No thanks"
apps/web/src/components/NewsletterSignup.tsx,93,jsx-text,"Email address"
apps/web/src/components/NewsletterSignup.tsx,105,prop,"you@example.com"
apps/web/src/components/NewsletterSignup.tsx,125,jsx-text,"No spam, unsubscribe any time. We'll email you a link to confirm first."
apps/web/src/components/NewsletterSignup.tsx,132,jsx-text,"Rather not use email?"
apps/web/src/components/NewsletterSignup.tsx,134,jsx-text,"Subscribe to the"
apps/web/src/components/NotFoundCard.tsx,11,jsx-text,"We couldn't find that artist"
apps/web/src/components/NotFoundCard.tsx,14,jsx-text,"No profile found for """
apps/web/src/components/NotFoundCard.tsx,24,jsx-text,"Browse artists"
apps/web/src/components/NotificationPreferences.tsx,22,prop,"New releases"
apps/web/src/components/NotificationPreferences.tsx,23,prop,"When an artist you saved puts out a new release."
apps/web/src/components/NotificationPreferences.tsx,27,prop,"New places to support"
apps/web/src/components/NotificationPreferences.tsx,28,prop,"When an artist you saved adds a link to a new platform."
apps/web/src/components/NotificationPreferences.tsx,93,jsx-text,"Loading notification preferences…"
apps/web/src/components/NotificationPreferences.tsx,119,template,"`shrink-0 mt-0.5 relative w-10 h-6 rounded-full transition-colors disabled:opacity-50 disabled:cursor-not-allowed ${ enabled ? 'bg-accent-secondary' : 'bg-border' }`"
apps/web/src/components/NotificationPreferences.tsx,124,template,"`absolute top-0.5 left-0.5 w-5 h-5 rounded-full bg-white transition-transform ${ enabled ? 'translate-x-4' : 'translate-x-0' }`"
apps/web/src/components/PageSkeleton.tsx,23,template,"`${maxWidth} mx-auto`"
apps/web/src/components/PasswordChangeForm.tsx,94,jsx-text,"Your account was created with a magic link. Set a password to sign in with it as well."
apps/web/src/components/PasswordChangeForm.tsx,101,jsx-text,"Current password"
apps/web/src/components/PasswordChangeForm.tsx,125,prop,"At least 8 characters"
apps/web/src/components/PasswordChangeForm.tsx,128,jsx-text,"Use at least 8 characters."
apps/web/src/components/RecentReleasesSection.tsx,72,prop,"Upcoming Releases"
apps/web/src/components/RecentReleasesSection.tsx,73,prop,"Recent Releases"
apps/web/src/components/RecentReleasesSection.tsx,79,prop,"Recent Releases"
apps/web/src/components/RecentReleasesSection.tsx,92,jsx-text,"Nothing new from your saved artists this month."
apps/web/src/components/RecentReleasesSection.tsx,94,jsx-text,"Releases from the past 30 days and anything already announced will show up here."
apps/web/src/components/RecentReleasesSection.tsx,110,template,"`${release.artistSlug}/${release.releaseSlug}`"
apps/web/src/components/RecentReleasesSection.tsx,150,prop,"Subscribe to these releases in a calendar app or RSS reader"
apps/web/src/components/RecentReleasesSection.tsx,151,prop,"Subscribe in a calendar app or RSS reader"
apps/web/src/components/RecentReleasesSection.tsx,152,template,"`flex items-center gap-1.5 px-2.5 py-1.5 rounded-lg border transition-colors shrink-0 ${ open ? 'border-accent-primary/40 text-accent-primary bg-accent-primary/10' : 'border-border text-text-muted hover:text-text-primary hover:border-border-hover' }`"
apps/web/src/components/RecentReleasesSection.tsx,185,template,"`/a/${encodeURIComponent(release.artistSlug)}/${encodeURIComponent(release.releaseSlug)}`"
apps/web/src/components/RecentReleasesSection.tsx,198,jsx-text,"💿"
apps/web/src/components/RecentReleasesSection.tsx,212,jsx-text,"Available on"
apps/web/src/components/ReleaseFeedControls.tsx,74,jsx-text,"Subscribe once in Apple Calendar, Google Calendar, or an RSS reader and see everything your saved artists have coming — not one subscription per artist."
apps/web/src/components/ReleaseFeedControls.tsx,92,jsx-text,"Anyone with these links can see what your saved artists have coming, so treat them like a password. Rotating issues new links and stops the old ones working everywhere."
apps/web/src/components/ReleaseFeedControls.tsx,106,prop,"Calendar (Apple, Google)"
apps/web/src/components/ReleaseFeedControls.tsx,107,prop,"RSS reader"
apps/web/src/components/ReleaseFeedControls.tsx,154,jsx-text,"Rotate links"
apps/web/src/components/ReleaseFeedControls.tsx,161,jsx-text,"Turn off"
apps/web/src/components/ReleasesSection.tsx,76,template,"`/a/${encodeURIComponent(artistSlug)}/releases.ics`"
apps/web/src/components/ReleasesSection.tsx,78,prop,"Subscribe to this artist's releases in a calendar app"
apps/web/src/components/ReleasesSection.tsx,79,prop,"Subscribe in Apple Calendar, Google Calendar or another calendar app"
apps/web/src/components/ReleasesSection.tsx,84,template,"`/a/${encodeURIComponent(artistSlug)}/releases.xml`"
apps/web/src/components/ReleasesSection.tsx,86,prop,"Subscribe to this artist's releases in an RSS reader"
apps/web/src/components/ReleasesSection.tsx,87,prop,"Subscribe in an RSS reader"
apps/web/src/components/ReleasesSection.tsx,99,prop,"Releases pages"
apps/web/src/components/ReleasesSection.tsx,101,jsx-text,"← Previous"
apps/web/src/components/ReleasesSection.tsx,107,jsx-text,"Next →"
apps/web/src/components/ReleasesSection.tsx,166,template,"`/a/${encodeURIComponent(artistSlug)}/${encodeURIComponent(release.slug)}`"
apps/web/src/components/ReleasesSection.tsx,179,jsx-text,"💿"
apps/web/src/components/ReleasesSection.tsx,192,jsx-text,"Available on"
apps/web/src/components/ResultCard.tsx,153,jsx-text,"Unverified match:"
apps/web/src/components/ResultCard.tsx,153,jsx-text,"We couldn't confirm this is the same """
apps/web/src/components/ResultCard.tsx,153,jsx-text,""" as the other results."
apps/web/src/components/ResultCard.tsx,171,jsx-text,"Tip directly"
apps/web/src/components/ResultCardActions.tsx,39,jsx-text,"What's wrong with this result?"
apps/web/src/components/ResultCardActions.tsx,44,prop,"e.g., Wrong artist, AI-generated, mismatched platforms, broken link..."
apps/web/src/components/ResultCardActions.tsx,55,jsx-text,"Send Report"
apps/web/src/components/ResultCardActions.tsx,70,template,"`/claim/${result.name.toLowerCase().replace(/[^a-z0-9]+/g, '-').replace(/^-|-$/g, '')}`"
apps/web/src/components/ResultCardActions.tsx,77,jsx-text,"Are you"
apps/web/src/components/ResultCardActions.tsx,77,jsx-text,"? Claim your artist page"
apps/web/src/components/ResultCardActions.tsx,90,jsx-text,"Report this result"
apps/web/src/components/ResultCardBio.tsx,57,template,"`text-sm text-text-secondary leading-relaxed space-y-2 ${expanded ? '' : 'line-clamp-3'}`"
apps/web/src/components/ResultCardHeader.tsx,121,jsx-text,"View artist page"
apps/web/src/components/ResultCardHeader.tsx,131,template,"`text-xs font-medium px-1.5 py-1 rounded-lg transition-colors flex items-center gap-1 whitespace-nowrap ${ isSaved ? 'bg-accent-secondary/15 text-accent-secondary hover:bg-accent-secondary/20' : 'text-text-secondary hover:text-text-primary hover:bg-bg-secondary' }`"
apps/web/src/components/ResultCardHeader.tsx,147,prop,"Share this result"
apps/web/src/components/ResultCardHeader.tsx,154,jsx-text,"Copied!"
apps/web/src/components/ResultCardPlatforms.tsx,32,prop,"Remove this link (admin)"
apps/web/src/components/ResultCardPlatforms.tsx,33,template,"`Remove the ${getSource(platform.sourceId).name} link`"
apps/web/src/components/ResultCardPreview.tsx,61,template,"`${resultName} - ${embedData.title}`"
apps/web/src/components/ResultCardPreview.tsx,66,prop,"Close preview"
apps/web/src/components/ResultCardPreview.tsx,74,jsx-text,"Could not load preview"
apps/web/src/components/ResultCardPreview.tsx,79,template,"`flex items-center gap-1.5 px-2.5 py-1 rounded text-sm bg-accent-primary/10 text-accent-primary hover:bg-accent-primary/20 transition-colors ${embedLoading ? 'opacity-50 cursor-wait' : ''}`"
apps/web/src/components/ResultCardRelease.tsx,20,jsx-text,"Featured Release"
apps/web/src/components/ResultCardRelease.tsx,43,template,"`release-${platform.sourceId}`"
apps/web/src/components/ResultCardSocial.tsx,44,prop,"Remove this link (admin)"
apps/web/src/components/ResultCardSocial.tsx,45,template,"`Remove the ${getSource(platform.sourceId).name} link`"
apps/web/src/components/RichArtistProfile.tsx,109,jsx-text,"🎉"
apps/web/src/components/RichArtistProfile.tsx,110,jsx-text,"You're verified! Welcome to Unstream."
apps/web/src/components/RichArtistProfile.tsx,160,template,"`inline-flex items-center gap-1.5 text-sm transition-colors ${ isSaved ? 'text-accent-secondary' : 'text-text-muted hover:text-accent-secondary' } disabled:opacity-50 disabled:cursor-not-allowed`"
apps/web/src/components/RichArtistProfile.tsx,165,template,"`w-4 h-4 transition-all ${isSaved ? 'fill-accent-secondary' : 'fill-transparent stroke-current'}`"
apps/web/src/components/RichArtistProfile.tsx,177,template,"`Share ${artist.name}`"
apps/web/src/components/RichArtistProfile.tsx,188,prop,"Embed this profile"
apps/web/src/components/RichArtistProfile.tsx,189,prop,"Embed this profile on your website"
apps/web/src/components/RichArtistProfile.tsx,190,template,"`inline-flex items-center gap-1.5 text-sm transition-colors ${ embedOpen ? 'text-accent-secondary' : 'text-text-muted hover:text-accent-secondary' }`"
apps/web/src/components/RichArtistProfile.tsx,205,jsx-text,"Embed this profile on your website"
apps/web/src/components/RichArtistProfile.tsx,210,jsx-text,"Theme:"
apps/web/src/components/RichArtistProfile.tsx,213,template,"`px-2.5 py-1 rounded text-xs font-medium border-none cursor-pointer font-body transition-colors ${ embedTheme === 'dark' ? 'bg-accent-primary/15 text-accent-primary' : 'bg-bg-secondary text-text-muted hover:text-text-primary' }`"
apps/web/src/components/RichArtistProfile.tsx,223,template,"`px-2.5 py-1 rounded text-xs font-medium border-none cursor-pointer font-body transition-colors ${ embedTheme === 'light' ? 'bg-accent-primary/15 text-accent-primary' : 'bg-bg-secondary text-text-muted hover:text-text-primary' }`"
apps/web/src/components/RichArtistProfile.tsx,234,jsx-text,"Links:"
apps/web/src/components/RichArtistProfile.tsx,253,jsx-text,"Embed preview"
apps/web/src/components/RichArtistProfile.tsx,269,jsx-text,"to artist"
apps/web/src/components/RichArtistProfile.tsx,276,jsx-text,"The actual embed renders this content via JavaScript on your website."
apps/web/src/components/RichArtistProfile.tsx,293,jsx-text,"Paste this into your website's HTML. The widget loads asynchronously and won't affect your page speed."
apps/web/src/components/RichArtistProfile.tsx,305,jsx-text,"Tip directly"
apps/web/src/components/RichArtistProfile.tsx,333,jsx-text,"Featured Release"
apps/web/src/components/RichArtistProfile.tsx,348,jsx-text,"Support directly"
apps/web/src/components/RichArtistProfile.tsx,373,jsx-text,"Bandcamp Friday!"
apps/web/src/components/SavedArtistsSection.tsx,98,jsx-text,"Saved Artists"
apps/web/src/components/SavedArtistsSection.tsx,116,jsx-text,"Try again"
apps/web/src/components/SavedArtistsSection.tsx,120,prop,"Loading your saved artists"
apps/web/src/components/SavedArtistsSection.tsx,125,jsx-text,"No saved artists yet."
apps/web/src/components/SavedArtistsSection.tsx,127,jsx-text,"Save artists you want to support for later."
apps/web/src/components/SavedArtistsSection.tsx,133,jsx-text,"Search for artists"
apps/web/src/components/SavedArtistsSection.tsx,162,jsx-text,"unstream.stream/a/"
apps/web/src/components/SavedArtistsSection.tsx,165,jsx-text,"Saved from search"
apps/web/src/components/SavedArtistsSection.tsx,173,template,"`/a/${artist.slug}`"
apps/web/src/components/SavedArtistsSection.tsx,180,template,"`/?q=${encodeURIComponent(artist.name)}`"
apps/web/src/components/SavedArtistsSection.tsx,189,template,"`px-3 py-1.5 rounded-lg text-sm font-medium transition-colors flex items-center gap-1.5 ${ artist.supported ? 'bg-accent-secondary/15 border border-accent-secondary/40 text-accent-secondary hover:bg-accent-secondary/25' : 'border border-border text-text-muted hover:text-text-primary hover:border-border-hover' } ${busyId === artist.artistId ? 'opacity-50 cursor-not-allowed' : ''}`"
apps/web/src/components/SavedArtistsSection.tsx,210,template,"`Remove ${artist.name}`"
apps/web/src/components/ScreenshotCarousel.tsx,10,prop,"The Unstream menu bar app showing Kid Lightbulbs playing, with links to Faircamp, Subvert, Bandcamp, Ampwall, Bandwagon and Qobuz."
apps/web/src/components/ScreenshotCarousel.tsx,14,prop,"The Unstream menu bar app showing Liturgy playing, with the platforms that sell their music."
apps/web/src/components/ScreenshotCarousel.tsx,18,prop,"The Unstream menu bar app showing okayden playing, with the platforms that sell their music."
apps/web/src/components/ScreenshotCarousel.tsx,22,prop,"The Unstream menu bar app showing Hudson Freeman on Bandcamp, plus suggested places to keep looking."
apps/web/src/components/ScreenshotCarousel.tsx,26,prop,"The Saved tab of the Unstream menu bar app, listing nine saved artists."
apps/web/src/components/ScreenshotCarousel.tsx,76,prop,"Unstream for macOS screenshots"
apps/web/src/components/ScreenshotCarousel.tsx,96,template,"`absolute inset-0 w-full h-full object-cover transition-opacity duration-500 ${ slideIndex === index ? 'opacity-100' : 'opacity-0' }`"
apps/web/src/components/ScreenshotCarousel.tsx,105,prop,"Previous screenshot"
apps/web/src/components/ScreenshotCarousel.tsx,115,prop,"Next screenshot"
apps/web/src/components/ScreenshotCarousel.tsx,130,template,"`Show screenshot ${slideIndex + 1} of ${SLIDES.length}`"
apps/web/src/components/ScreenshotCarousel.tsx,132,template,"`h-2 rounded-full transition-all ${ slideIndex === index ? 'w-6 bg-accent-primary' : 'w-2 bg-border-hover hover:bg-text-muted' }`"
apps/web/src/components/SearchBar.tsx,66,prop,"Search for artists..."
apps/web/src/components/SharingControls.tsx,100,jsx-text,"Loading sharing settings…"
apps/web/src/components/SharingControls.tsx,110,jsx-text,"Set a username to publish your public profile."
apps/web/src/components/SharingControls.tsx,116,jsx-text,"Set username"
apps/web/src/components/SharingControls.tsx,126,jsx-text,"Your profile is private."
apps/web/src/components/SharingControls.tsx,128,jsx-text,"Making it public publishes your username, the releases in your collection, the artists you've saved, and your location if you've set one, at a link anyone can open and search engines can index. Hidden items stay private, and your email address is never published. See the"
apps/web/src/components/SharingControls.tsx,132,jsx-text,"Terms of Use"
apps/web/src/components/SharingControls.tsx,149,jsx-text,"Your profile is public."
apps/web/src/components/SharingControls.tsx,151,jsx-text,"Anyone with the link can see the releases in your collection and the artists you've saved. Items you've hidden stay private."
apps/web/src/components/SharingControls.tsx,165,jsx-text,"View profile"
apps/web/src/components/SharingControls.tsx,169,template,"`px-3 py-1.5 rounded-lg border text-sm font-medium transition-colors ${ copied ? 'border-green-500/30 text-green-400' : 'border-border text-text-muted hover:text-text-primary hover:border-border-hover' }`"
apps/web/src/components/Skeleton.tsx,14,template,"`skeleton ${className}`"
apps/web/src/components/Skeleton.tsx,19,template,"`skeleton rounded-full ${className}`"
apps/web/src/components/Skeleton.tsx,25,template,"`space-y-2 ${className}`"
apps/web/src/components/Skeleton.tsx,27,template,"`h-3 ${i === lines - 1 ? 'w-2/3' : 'w-full'}`"
apps/web/src/components/Skeleton.tsx,36,template,"`eq-bars ${className}`"
apps/web/src/components/Skeleton.tsx,48,template,"`flex items-center gap-2 text-text-muted text-sm ${className}`"
apps/web/src/components/Skeleton.tsx,65,template,"`skeleton-fade-in ${className}`"
apps/web/src/components/SourceBadge.tsx,29,template,"`Search for this artist on ${label}`"
apps/web/src/components/SourceBadge.tsx,76,template,"`payout-badge relative text-[10px] font-semibold px-1 py-0.5 rounded cursor-help${isBCFriday ? ' bandcamp-friday-payout' : ''}`"
apps/web/src/components/StaleBuildBanner.tsx,25,jsx-text,"A newer version of Unstream is available."
apps/web/src/components/StaleBuildBanner.tsx,40,jsx-text,"Not now"
apps/web/src/components/SuggestionList.tsx,27,template,"`${idPrefix}-suggestions`"
apps/web/src/components/SuggestionList.tsx,34,template,"`${idPrefix}-suggestion-${index}`"
apps/web/src/components/SuggestionList.tsx,40,template,"`px-4 py-2 cursor-pointer text-left text-text-primary ${index === highlightIndex ? 'bg-bg-secondary' : ''}`"
apps/web/src/components/TipForm.tsx,78,template,"`min-h-11 rounded-lg border text-sm font-medium transition-colors ${ customCents === null && amountCents === cents ? 'border-accent-primary bg-accent-primary/10 text-accent-primary' : 'border-border hover:bg-bg-hover' }`"
apps/web/src/components/TipForm.tsx,89,jsx-text,"Other amount ($)"
apps/web/src/components/TipForm.tsx,104,jsx-text,"Tips are between"
apps/web/src/components/TipForm.tsx,104,jsx-text,", card fees take too much of it."
apps/web/src/components/TipForm.tsx,111,jsx-text,"Put it towards a goal? (optional)"
apps/web/src/components/TipForm.tsx,113,template,"`block p-3 rounded-lg border cursor-pointer ${goalId === goal.id ? 'border-accent-primary' : 'border-border'}`"
apps/web/src/components/TipForm.tsx,126,jsx-text,"No goal, just a tip"
apps/web/src/components/TipForm.tsx,130,jsx-text,"Tips go to"
apps/web/src/components/TipForm.tsx,130,jsx-text,"straight away, whether or not the goal is met."
apps/web/src/components/TipForm.tsx,137,jsx-text,"Cover the fees, so"
apps/web/src/components/TipForm.tsx,137,jsx-text,"gets the full amount"
apps/web/src/components/TipForm.tsx,142,jsx-text,"You pay"
apps/web/src/components/TipForm.tsx,143,jsx-text,"Stripe keeps ~"
apps/web/src/components/TipForm.tsx,144,jsx-text,"Unstream keeps"
apps/web/src/components/TipForm.tsx,145,jsx-text,"gets ~"
apps/web/src/components/TipForm.tsx,160,jsx-text,"is the seller and receives the payment directly. Refunds are handled by the artist."
apps/web/src/components/TipForm.tsx,161,jsx-text,"How tipping works"
apps/web/src/components/TipGoalsEditor.tsx,63,jsx-text,"No open goals."
apps/web/src/components/TipGoalsEditor.tsx,78,template,"`goal-starts-${slug}`"
apps/web/src/components/TipGoalsEditor.tsx,79,prop,"e.g. Help me press this on vinyl"
apps/web/src/components/TipGoalsEditor.tsx,80,prop,"Goal title"
apps/web/src/components/TipGoalsEditor.tsx,83,template,"`goal-starts-${slug}`"
apps/web/src/components/TipGoalsEditor.tsx,93,prop,"Target ($)"
apps/web/src/components/TipGoalsEditor.tsx,94,prop,"Target in dollars"
apps/web/src/components/TipGoalsEditor.tsx,98,jsx-text,"Add goal"
apps/web/src/components/TipGoalsEditor.tsx,101,jsx-text,"Tips are unconditional: fans are told their tip reaches you whether or not the goal is met."
apps/web/src/components/TipSheet.tsx,59,jsx-text,"Support for their music, paid straight to"
apps/web/src/components/TipSheet.tsx,59,jsx-text,"'s own Stripe account."
apps/web/src/components/TipSheet.tsx,73,jsx-text,"Couldn't load this right now. Try again in a moment."
apps/web/src/components/TipSheet.tsx,75,jsx-text,"Loading…"
apps/web/src/components/TipSheet.tsx,77,jsx-text,"isn't taking tips on Unstream right now."
apps/web/src/components/UnclaimedQuietCard.tsx,45,jsx-text,"🎉"
apps/web/src/components/UnclaimedQuietCard.tsx,46,jsx-text,"You're verified! Welcome to Unstream."
apps/web/src/components/UnclaimedQuietCard.tsx,83,template,"`inline-flex items-center gap-1 text-sm transition-colors ${ isSaved ? 'text-accent-secondary' : 'text-text-muted hover:text-accent-secondary' } disabled:opacity-50 disabled:cursor-not-allowed`"
apps/web/src/components/UnclaimedQuietCard.tsx,88,template,"`w-4 h-4 transition-all ${isSaved ? 'fill-accent-secondary' : 'fill-transparent stroke-current'}`"
apps/web/src/components/UnclaimedQuietCard.tsx,108,jsx-text,"Support directly"
apps/web/src/components/UnclaimedQuietCard.tsx,130,jsx-text,"Bandcamp Friday!"
apps/web/src/components/UsernameField.tsx,70,prop,"e.g. kidlightbulbs"
apps/web/src/components/UsernameField.tsx,77,jsx-text,"Your username is used in the public URL when you share your saved artists. 3-20 characters, lowercase letters, numbers, and hyphens."
apps/web/src/components/WelcomeBanner.tsx,33,jsx-text,"Welcome to Unstream"
apps/web/src/components/WelcomeBanner.tsx,36,jsx-text,"Your email is confirmed and you're signed in. This is your dashboard: artists you save show up here, along with their new releases, so you know when there's something to support."
apps/web/src/components/WelcomeBanner.tsx,40,jsx-text,"Search for an artist"
apps/web/src/components/WelcomeBanner.tsx,42,jsx-text,"to get started."
apps/web/src/components/WelcomeBanner.tsx,49,prop,"Dismiss welcome message"
apps/web/src/components/YourTips.tsx,63,jsx-text,"Your tips"
apps/web/src/components/YourTips.tsx,69,jsx-text,"Only you can see this. Each tip went straight to the artist's own Stripe account, and your receipt came from them. For a refund, contact the artist using the details on that receipt."
apps/web/src/components/YourTips.tsx,77,template,"`/a/${tip.artistSlug}`"
apps/web/src/components/YourTips.tsx,83,jsx-text,"· towards “"
apps/web/src/components/YourTips.tsx,95,jsx-text,"you paid"
apps/web/src/pages/AdminAnalyticsPage.tsx,77,template,"`0 0 ${width} ${height}`"
apps/web/src/pages/AdminAnalyticsPage.tsx,80,prop,"30-day event chart"
apps/web/src/pages/AdminAnalyticsPage.tsx,213,template,"`pb-2 text-text-muted font-medium text-xs uppercase tracking-wide ${col.align === 'right' ? 'text-right' : 'text-left'}`"
apps/web/src/pages/AdminAnalyticsPage.tsx,226,template,"`py-2 text-text-secondary ${col.align === 'right' ? 'text-right tabular-nums' : ''}`"
apps/web/src/pages/AdminAnalyticsPage.tsx,273,prop,"Loading analytics"
apps/web/src/pages/AdminAnalyticsPage.tsx,287,jsx-text,"Failed to load analytics:"
apps/web/src/pages/AdminAnalyticsPage.tsx,310,jsx-text,"Last 30 days · anonymized · no PII stored"
apps/web/src/pages/AdminAnalyticsPage.tsx,319,prop,"Searches today"
apps/web/src/pages/AdminAnalyticsPage.tsx,320,prop,"Searches 7d"
apps/web/src/pages/AdminAnalyticsPage.tsx,321,prop,"Searches 30d"
apps/web/src/pages/AdminAnalyticsPage.tsx,323,prop,"Success rate 7d"
apps/web/src/pages/AdminAnalyticsPage.tsx,328,prop,"Top platform"
apps/web/src/pages/AdminAnalyticsPage.tsx,332,prop,"Top streaming"
apps/web/src/pages/AdminAnalyticsPage.tsx,340,jsx-text,"30-day volume"
apps/web/src/pages/AdminAnalyticsPage.tsx,352,jsx-text,"Extension activations"
apps/web/src/pages/AdminAnalyticsPage.tsx,359,jsx-text,"No data yet — events will appear once users start using the app."
apps/web/src/pages/AdminAnalyticsPage.tsx,369,jsx-text,"Platform clicks (30d)"
apps/web/src/pages/AdminAnalyticsPage.tsx,382,jsx-text,"By app (30d)"
apps/web/src/pages/AdminAnalyticsPage.tsx,396,jsx-text,"Extension: streaming services (30d)"
apps/web/src/pages/AdminLinksPage.tsx,76,jsx-text,"Not authorized."
apps/web/src/pages/AdminLinksPage.tsx,78,jsx-text,"Back to search"
apps/web/src/pages/AdminLinksPage.tsx,89,jsx-text,"Removed Links"
apps/web/src/pages/AdminLinksPage.tsx,91,jsx-text,"Platform links hidden from search results. Restore one and it comes back on the next uncached search."
apps/web/src/pages/AdminLinksPage.tsx,103,jsx-text,"Loading..."
apps/web/src/pages/AdminLinksPage.tsx,106,jsx-text,"No links have been removed yet. Use the ✕ next to a platform badge on a search result."
apps/web/src/pages/AdminMergePage.tsx,114,jsx-text,"Not authorized."
apps/web/src/pages/AdminMergePage.tsx,122,jsx-text,"No results selected for merging."
apps/web/src/pages/AdminMergePage.tsx,124,jsx-text,"Back to search"
apps/web/src/pages/AdminMergePage.tsx,135,jsx-text,"Merge Artists"
apps/web/src/pages/AdminMergePage.tsx,146,jsx-text,"results:"
apps/web/src/pages/AdminMergePage.tsx,151,jsx-text,"Artist Name"
apps/web/src/pages/AdminMergePage.tsx,162,jsx-text,"Image URL (optional)"
apps/web/src/pages/AdminMergePage.tsx,180,jsx-text,"Platform Links ("
apps/web/src/pages/AdminMergePage.tsx,180,jsx-text,"included,"
apps/web/src/pages/AdminMergePage.tsx,180,jsx-text,"excluded)"
apps/web/src/pages/AdminMergePage.tsx,188,template,"`flex items-center gap-3 p-3 rounded-lg border transition-colors ${ link.included ? 'bg-surface border-border' : 'bg-surface/50 border-border/50 opacity-60' }`"
apps/web/src/pages/AdminMergePage.tsx,215,prop,"Remove link"
apps/web/src/pages/AdminMergePage.tsx,229,jsx-text,"Notes (optional)"
apps/web/src/pages/AdminMergePage.tsx,233,prop,"Reason for this merge..."
apps/web/src/pages/AdminReleaseReviewPage.tsx,107,jsx-text,"Not authorized."
apps/web/src/pages/AdminReleaseReviewPage.tsx,118,jsx-text,"Release Review"
apps/web/src/pages/AdminReleaseReviewPage.tsx,120,jsx-text,"Releases the catalog wasn't confident enough to merge on its own — a title close enough to another one under the same artist to flag for a human, rather than guess."
apps/web/src/pages/AdminReleaseReviewPage.tsx,132,prop,"Loading flagged releases"
apps/web/src/pages/AdminReleaseReviewPage.tsx,136,jsx-text,"Nothing flagged for review right now."
apps/web/src/pages/AdminReleaseReviewPage.tsx,173,jsx-text,"💿"
apps/web/src/pages/AdminReleaseReviewPage.tsx,178,template,"`/a/${encodeURIComponent(item.artistSlug)}/${encodeURIComponent(item.slug)}`"
apps/web/src/pages/AdminReleaseReviewPage.tsx,252,jsx-text,"Its suspected duplicate is no longer on file — nothing left to compare against."
apps/web/src/pages/AdminVerifyPage.tsx,115,jsx-text,"Not authorized."
apps/web/src/pages/AdminVerifyPage.tsx,129,jsx-text,"Artist Verification Review"
apps/web/src/pages/AdminVerifyPage.tsx,141,prop,"Loading verification requests"
apps/web/src/pages/AdminVerifyPage.tsx,149,jsx-text,"Pending requests ("
apps/web/src/pages/AdminVerifyPage.tsx,153,jsx-text,"No pending verification requests."
apps/web/src/pages/AdminVerifyPage.tsx,172,jsx-text,"Email:"
apps/web/src/pages/AdminVerifyPage.tsx,176,jsx-text,"Website:"
apps/web/src/pages/AdminVerifyPage.tsx,187,template,"`text-xs ${req.link_back_completed ? 'text-green-400' : 'text-yellow-400'}`"
apps/web/src/pages/AdminVerifyPage.tsx,194,jsx-text,"Proof/message:"
apps/web/src/pages/AdminVerifyPage.tsx,203,prop,"Reviewer notes (optional)..."
apps/web/src/pages/AdminVerifyPage.tsx,215,jsx-text,"I have verified the submitter is the artist owner"
apps/web/src/pages/AdminVerifyPage.tsx,243,jsx-text,"Past decisions ("
apps/web/src/pages/AdminVerifyPage.tsx,257,template,"`text-xs font-medium px-2 py-0.5 rounded-full ${ req.status === 'approved' ? 'bg-green-500/10 text-green-400' : 'bg-red-500/10 text-red-400' }`"
apps/web/src/pages/AdminVerifyPage.tsx,268,jsx-text,"Email:"
apps/web/src/pages/AdminVerifyPage.tsx,270,jsx-text,"Reviewed:"
apps/web/src/pages/AdminVerifyPage.tsx,273,jsx-text,"Notes:"
apps/web/src/pages/ArtistDirectoryPage.tsx,6,prop,"Indie Artist Index"
apps/web/src/pages/ArtistEditPage.tsx,443,prop,"Loading artist profile"
apps/web/src/pages/ArtistEditPage.tsx,469,jsx-text,"Artist Name"
apps/web/src/pages/ArtistEditPage.tsx,484,jsx-text,"Artist name cannot be empty."
apps/web/src/pages/ArtistEditPage.tsx,487,jsx-text,"This is a significant change from """
apps/web/src/pages/ArtistEditPage.tsx,487,jsx-text,""". You'll be asked to confirm when saving."
apps/web/src/pages/ArtistEditPage.tsx,489,jsx-text,"Name will be updated from """
apps/web/src/pages/ArtistEditPage.tsx,489,jsx-text,"""."
apps/web/src/pages/ArtistEditPage.tsx,495,jsx-text,"Profile Photo"
apps/web/src/pages/ArtistEditPage.tsx,510,jsx-text,"Pull a photo from one of your linked platforms, or it will use the default from your search results."
apps/web/src/pages/ArtistEditPage.tsx,530,jsx-text,"Add a Bandcamp, YouTube, or Mirlo link to pull a photo from that platform."
apps/web/src/pages/ArtistEditPage.tsx,539,jsx-text,"Remove custom photo"
apps/web/src/pages/ArtistEditPage.tsx,549,jsx-text,"Profile URL"
apps/web/src/pages/ArtistEditPage.tsx,552,jsx-text,"unstream.stream/a/"
apps/web/src/pages/ArtistEditPage.tsx,563,jsx-text,"Changing your slug will update your profile URL. Old links will stop working."
apps/web/src/pages/ArtistEditPage.tsx,578,prop,"Tell fans about your music..."
apps/web/src/pages/ArtistEditPage.tsx,589,jsx-text,"Show a bio on search results"
apps/web/src/pages/ArtistEditPage.tsx,591,jsx-text,"If you haven't written one, we'll use your Bandcamp, Discogs or Wikipedia bio."
apps/web/src/pages/ArtistEditPage.tsx,601,jsx-text,"Helps fans find you and disambiguates you from other artists with the same name."
apps/web/src/pages/ArtistEditPage.tsx,628,jsx-text,"Featured Release"
apps/web/src/pages/ArtistEditPage.tsx,631,jsx-text,"Paste an embed code from Bandcamp, Faircamp, Spotify, SoundCloud, or other platforms. Only"
apps/web/src/pages/ArtistEditPage.tsx,631,jsx-text,"&lt;iframe&gt;"
apps/web/src/pages/ArtistEditPage.tsx,631,jsx-text,"embeds are supported."
apps/web/src/pages/ArtistEditPage.tsx,638,prop,"<iframe style=""border: 0; width: 100%; height: 120px;"" src=""https://bandcamp.com/EmbeddedPlayer/..."" seamless></iframe>"
apps/web/src/pages/ArtistEditPage.tsx,643,jsx-text,"Preview:"
apps/web/src/pages/ArtistEditPage.tsx,650,prop,"Embed preview"
apps/web/src/pages/ArtistEditPage.tsx,659,jsx-text,"This doesn't look like an iframe embed code with an https address."
apps/web/src/pages/ArtistEditPage.tsx,668,jsx-text,"Remove embed"
apps/web/src/pages/ArtistEditPage.tsx,677,jsx-text,"Platform Links"
apps/web/src/pages/ArtistEditPage.tsx,683,jsx-text,"+ Add platform"
apps/web/src/pages/ArtistEditPage.tsx,689,jsx-text,"+ Add other link"
apps/web/src/pages/ArtistEditPage.tsx,694,prop,"Add a horizontal divider to group your links"
apps/web/src/pages/ArtistEditPage.tsx,696,jsx-text,"+ Add divider"
apps/web/src/pages/ArtistEditPage.tsx,702,jsx-text,"Unstream highlights platforms where artists earn a larger share. We recommend prioritizing platforms where fans buy your music outright, like Bandcamp, Mirlo, and Faircamp, over major streaming services."
apps/web/src/pages/ArtistEditPage.tsx,706,jsx-text,"Dividers draw a horizontal line between links on your artist page, so you can group them. Move them with the arrows like any other row — social links always appear in their own ""Follow"" section, so a divider next to one moves to the nearest gap."
apps/web/src/pages/ArtistEditPage.tsx,711,jsx-text,"No links yet. Click ""Add platform"" to add your first link."
apps/web/src/pages/ArtistEditPage.tsx,724,template,"`flex items-center gap-2 p-3 rounded-lg bg-bg-secondary border ${streamingWarning ? 'border-amber-500/30' : 'border-border'}`"
apps/web/src/pages/ArtistEditPage.tsx,732,prop,"Move up"
apps/web/src/pages/ArtistEditPage.tsx,740,prop,"Move down"
apps/web/src/pages/ArtistEditPage.tsx,759,prop,"Link name"
apps/web/src/pages/ArtistEditPage.tsx,843,jsx-text,"Danger zone"
apps/web/src/pages/ArtistEditPage.tsx,845,jsx-text,"takes this artist off your account. Your bio, profile photo, featured release and link dividers are deleted, and unstream.stream/a/"
apps/web/src/pages/ArtistEditPage.tsx,847,jsx-text,"goes back to being an unclaimed page built from search results. Your platform links stay on it. You can claim the page again later."
apps/web/src/pages/ArtistEditPage.tsx,856,jsx-text,"Remove this artist"
apps/web/src/pages/ArtistEditPage.tsx,861,jsx-text,"to confirm."
apps/web/src/pages/ArtistReleasesPage.tsx,184,jsx-text,"Hide anything that isn't yours, fix a title or date, merge a duplicate, add something we missed, or put them in the order you want fans to see."
apps/web/src/pages/ArtistReleasesPage.tsx,195,prop,"Loading releases"
apps/web/src/pages/ArtistReleasesPage.tsx,229,jsx-text,"Fans see your releases in this order. Use the arrows to arrange them — anything catalogued later is added to the end."
apps/web/src/pages/ArtistReleasesPage.tsx,245,jsx-text,"No releases catalogued yet."
apps/web/src/pages/ArtistReleasesPage.tsx,289,jsx-text,"Your new order isn't saved yet."
apps/web/src/pages/ArtistReleasesPage.tsx,465,jsx-text,"Look for releases on your links"
apps/web/src/pages/ArtistReleasesPage.tsx,468,jsx-text,"Checks the platforms on your profile — Bandcamp, Discogs, Faircamp — and adds anything it finds. Some platforms can't be read automatically, so this won't always find everything; whatever it misses you can add by hand below."
apps/web/src/pages/ArtistReleasesPage.tsx,552,template,"`p-4 rounded-xl bg-surface border border-border space-y-3 ${release.isHidden ? 'opacity-60' : ''}`"
apps/web/src/pages/ArtistReleasesPage.tsx,561,template,"`Move ${release.title} up`"
apps/web/src/pages/ArtistReleasesPage.tsx,562,prop,"Move up"
apps/web/src/pages/ArtistReleasesPage.tsx,570,template,"`Move ${release.title} down`"
apps/web/src/pages/ArtistReleasesPage.tsx,571,prop,"Move down"
apps/web/src/pages/ArtistReleasesPage.tsx,589,jsx-text,"💿"
apps/web/src/pages/ArtistReleasesPage.tsx,600,jsx-text,"Needs review"
apps/web/src/pages/ArtistReleasesPage.tsx,611,jsx-text,"Possible duplicate of"
apps/web/src/pages/ArtistReleasesPage.tsx,710,jsx-text,"Release date"
apps/web/src/pages/ArtistReleasesPage.tsx,717,jsx-text,"Artwork URL"
apps/web/src/pages/ArtistReleasesPage.tsx,741,jsx-text,"Add a platform link"
apps/web/src/pages/ArtistReleasesPage.tsx,773,template,"`text-xs ${linkStatus.ok ? 'text-green-500' : 'text-red-400'}`"
apps/web/src/pages/ArtistReleasesPage.tsx,802,prop,"Release title"
apps/web/src/pages/ArtistTipsPage.tsx,79,prop,"Loading tips"
apps/web/src/pages/ArtistTipsPage.tsx,80,jsx-text,"Tips aren't available on Unstream yet."
apps/web/src/pages/ArtistTipsPage.tsx,82,jsx-text,"Taking you back to Stripe…"
apps/web/src/pages/ArtistTipsPage.tsx,87,jsx-text,"Back from Stripe. Here's where things stand."
apps/web/src/pages/ChangelogPage.tsx,91,prop,"Loading the changelog"
apps/web/src/pages/ChangelogPage.tsx,96,jsx-text,"Nothing here yet."
apps/web/src/pages/ClaimPage.tsx,373,template,"`w-full ${step === 'review' ? 'max-w-lg' : 'max-w-md'} space-y-6`"
apps/web/src/pages/ClaimPage.tsx,377,jsx-text,"Verify your identity to get a permanent artist page on Unstream."
apps/web/src/pages/ContactPage.tsx,50,jsx-text,"Get in touch"
apps/web/src/pages/ContactPage.tsx,59,jsx-text,"Can't find an artist you want to support? Spotted something wrong on an artist's page? Have a feature idea? Send it over — it all reaches a real person."
apps/web/src/pages/DevelopersPage.tsx,10,jsx-text,"Unstream API"
apps/web/src/pages/DevelopersPage.tsx,12,jsx-text,"Find your favorite artists on alternative music platforms. Search across 17+ platforms including Bandcamp, Mirlo, Qobuz, Beatport, Faircamp, Patreon, and more."
apps/web/src/pages/DevelopersPage.tsx,17,jsx-text,"Beta — Available by invitation"
apps/web/src/pages/DevelopersPage.tsx,21,jsx-text,"Quick Start"
apps/web/src/pages/DevelopersPage.tsx,23,jsx-text,"Get an API key from your account settings (or"
apps/web/src/pages/DevelopersPage.tsx,23,jsx-text,"request access"
apps/web/src/pages/DevelopersPage.tsx,24,jsx-text,"Make your first request:"
apps/web/src/pages/DevelopersPage.tsx,28,template,"`curl ""https://unstream.stream/api/v1/search?query=Radiohead"" \\ -H ""X-API-Key: usk_your_api_key_here""`"
apps/web/src/pages/DevelopersPage.tsx,32,jsx-text,"The response includes results from all platforms, grouped by artist:"
apps/web/src/pages/DevelopersPage.tsx,35,template,"`{ ""data"": { ""results"": [ { ""id"": ""claimed-radiohead"", ""name"": ""Radiohead"", ""type"": ""artist"", ""platforms"": [ { ""sourceId"": ""bandcamp"", ""url"": ""https://..."", ""type"": ""artist"" }, { ""sourceId"": ""mirlo"", ""url"": ""https://..."", ""type"": ""artist"" } ] } ] }, ""meta"": { ""api_version"": ""1"", ""request_id"": ""550e8400-e29b-41d4-a716-446655440000"" } }`"
apps/web/src/pages/DevelopersPage.tsx,59,jsx-text,"Pass your API key via the"
apps/web/src/pages/DevelopersPage.tsx,59,jsx-text,"header:"
apps/web/src/pages/DevelopersPage.tsx,63,template,"`X-API-Key: usk_a1b2c3d4e5f6g7h8i9j0k1l2m3n4o5p6`"
apps/web/src/pages/DevelopersPage.tsx,67,jsx-text,"Anonymous requests (without an API key) are allowed from"
apps/web/src/pages/DevelopersPage.tsx,67,jsx-text,"unstream.stream"
apps/web/src/pages/DevelopersPage.tsx,67,jsx-text,"only and are rate-limited more aggressively."
apps/web/src/pages/DevelopersPage.tsx,71,jsx-text,"Rate Limits"
apps/web/src/pages/DevelopersPage.tsx,77,jsx-text,"Per Minute"
apps/web/src/pages/DevelopersPage.tsx,78,jsx-text,"Daily Quota"
apps/web/src/pages/DevelopersPage.tsx,95,jsx-text,"10,000"
apps/web/src/pages/DevelopersPage.tsx,106,jsx-text,"Every response includes rate limit headers:"
apps/web/src/pages/DevelopersPage.tsx,109,jsx-text,"— Maximum requests in the current window"
apps/web/src/pages/DevelopersPage.tsx,110,jsx-text,"— Remaining requests"
apps/web/src/pages/DevelopersPage.tsx,111,jsx-text,"— Unix timestamp when the window resets"
apps/web/src/pages/DevelopersPage.tsx,114,jsx-text,"When rate limited, the API returns a"
apps/web/src/pages/DevelopersPage.tsx,114,jsx-text,"status with a"
apps/web/src/pages/DevelopersPage.tsx,114,jsx-text,"header."
apps/web/src/pages/DevelopersPage.tsx,119,jsx-text,"GET /api/v1/search"
apps/web/src/pages/DevelopersPage.tsx,120,jsx-text,"Search for an artist across all platforms."
apps/web/src/pages/DevelopersPage.tsx,123,template,"`GET /api/v1/search?query=Radiohead Parameters: query (required) — Artist name, max 200 characters`"
apps/web/src/pages/DevelopersPage.tsx,130,jsx-text,"GET /api/v1/artist/"
apps/web/src/pages/DevelopersPage.tsx,131,jsx-text,"Look up an artist by their URL slug."
apps/web/src/pages/DevelopersPage.tsx,134,template,"`GET /api/v1/artist/radiohead Parameters: slug (path, required) — URL-safe artist name`"
apps/web/src/pages/DevelopersPage.tsx,141,jsx-text,"GET /api/v1/resolve"
apps/web/src/pages/DevelopersPage.tsx,142,jsx-text,"Resolve a Spotify or Apple Music URL to an artist name."
apps/web/src/pages/DevelopersPage.tsx,145,template,"`GET /api/v1/resolve?url=https://open.spotify.com/artist/4Z8W4fKeB5YxbusRsdQVPb Parameters: url (required) — Spotify or Apple Music URL`"
apps/web/src/pages/DevelopersPage.tsx,152,jsx-text,"GET /api/v1/platforms"
apps/web/src/pages/DevelopersPage.tsx,153,jsx-text,"List all supported platforms. No authentication required."
apps/web/src/pages/DevelopersPage.tsx,155,jsx-text,"GET /api/v1/status"
apps/web/src/pages/DevelopersPage.tsx,156,jsx-text,"Health check. Returns API status and version. No authentication required."
apps/web/src/pages/DevelopersPage.tsx,158,jsx-text,"API Key Management"
apps/web/src/pages/DevelopersPage.tsx,160,jsx-text,"Manage your API keys via these authenticated endpoints (requires Supabase JWT in the"
apps/web/src/pages/DevelopersPage.tsx,161,jsx-text,"header):"
apps/web/src/pages/DevelopersPage.tsx,164,jsx-text,"POST /api/v1/keys"
apps/web/src/pages/DevelopersPage.tsx,164,jsx-text,"— Generate a new key (max 3 per account)"
apps/web/src/pages/DevelopersPage.tsx,165,jsx-text,"GET /api/v1/keys"
apps/web/src/pages/DevelopersPage.tsx,165,jsx-text,"— List your keys (masked)"
apps/web/src/pages/DevelopersPage.tsx,166,jsx-text,"DELETE /api/v1/keys"
apps/web/src/pages/DevelopersPage.tsx,166,jsx-text,"— Revoke a key by ID"
apps/web/src/pages/DevelopersPage.tsx,169,jsx-text,"Error Codes"
apps/web/src/pages/DevelopersPage.tsx,181,jsx-text,"Invalid query or missing required parameter"
apps/web/src/pages/DevelopersPage.tsx,185,jsx-text,"Authentication required (for key management)"
apps/web/src/pages/DevelopersPage.tsx,189,jsx-text,"Artist or resource not found"
apps/web/src/pages/DevelopersPage.tsx,193,jsx-text,"Method not allowed"
apps/web/src/pages/DevelopersPage.tsx,197,jsx-text,"Rate limit exceeded"
apps/web/src/pages/DevelopersPage.tsx,201,jsx-text,"Internal server error"
apps/web/src/pages/DevelopersPage.tsx,207,jsx-text,"Response Format"
apps/web/src/pages/DevelopersPage.tsx,208,jsx-text,"All v1 API responses use a consistent envelope:"
apps/web/src/pages/DevelopersPage.tsx,211,template,"`{ ""data"": { /* response payload */ }, ""meta"": { ""api_version"": ""1"", ""request_id"": ""uuid"", ""rate_limit"": { // included when authenticated ""limit"": 100, ""remaining"": 95, ""reset"": 1712678400 } } }`"
apps/web/src/pages/DevelopersPage.tsx,226,jsx-text,"OpenAPI Specification"
apps/web/src/pages/DevelopersPage.tsx,228,jsx-text,"The full OpenAPI 3.0 specification is available at"
apps/web/src/pages/DevelopersPage.tsx,236,jsx-text,"Questions or issues? Reach us at"
apps/web/src/pages/DevelopersPage.tsx,236,jsx-text,"api@unstream.stream"
apps/web/src/pages/ExtensionPage.tsx,24,jsx-text,"The Unstream Browser Extension"
apps/web/src/pages/ExtensionPage.tsx,27,jsx-text,"Detects what you're listening to and shows you how to support that artist directly — right in your browser."
apps/web/src/pages/ExtensionPage.tsx,37,jsx-text,"How it works"
apps/web/src/pages/ExtensionPage.tsx,42,jsx-text,"Listen to music in your browser"
apps/web/src/pages/ExtensionPage.tsx,44,jsx-text,"Play music on YouTube, SoundCloud, Bandcamp, or any site with audio — the extension detects what's playing automatically."
apps/web/src/pages/ExtensionPage.tsx,51,jsx-text,"See where to support the artist"
apps/web/src/pages/ExtensionPage.tsx,53,jsx-text,"Click the extension icon to see direct links to that artist on Bandcamp, Mirlo, Faircamp, and other platforms where they earn the most."
apps/web/src/pages/ExtensionPage.tsx,60,jsx-text,"Save artists and get release alerts"
apps/web/src/pages/ExtensionPage.tsx,62,jsx-text,"Save the artists you care about. When they release new music on Bandcamp or other platforms, you'll know about it."
apps/web/src/pages/ExtensionPage.tsx,71,jsx-text,"Install the extension"
apps/web/src/pages/ExtensionPage.tsx,83,jsx-text,"Install for Chrome"
apps/web/src/pages/ExtensionPage.tsx,95,jsx-text,"Install for Firefox"
apps/web/src/pages/ExtensionPage.tsx,98,jsx-text,"Free and open source. Safari extension coming soon."
apps/web/src/pages/ExtensionPage.tsx,103,jsx-text,"Also available as a Mac app"
apps/web/src/pages/ExtensionPage.tsx,105,jsx-text,"Unstream for macOS sits in your menu bar and detects what's playing in Spotify or Apple Music — no browser needed."
apps/web/src/pages/ExtensionPage.tsx,115,jsx-text,"Download for macOS"
apps/web/src/pages/FaqPage.tsx,14,jsx-text,"Frequently Asked Questions"
apps/web/src/pages/FaqPage.tsx,16,jsx-text,"Learn more about Unstream, streaming economics, and how to support artists directly."
apps/web/src/pages/ImportPage.tsx,24,jsx-text,"Import Your Music Library"
apps/web/src/pages/ImportPage.tsx,27,jsx-text,"See which artists from your streaming library are available on platforms that pay them fairly."
apps/web/src/pages/ImportPage.tsx,37,jsx-text,"Coming soon"
apps/web/src/pages/ImportPage.tsx,39,jsx-text,"We're building a way to connect your Spotify, Apple Music, or Last.fm library and instantly discover which of your artists are on Bandcamp, Mirlo, Faircamp, and other platforms where you can buy their music outright."
apps/web/src/pages/ImportPage.tsx,45,jsx-text,"How it will work"
apps/web/src/pages/ImportPage.tsx,50,jsx-text,"Connect your streaming account"
apps/web/src/pages/ImportPage.tsx,52,jsx-text,"Sign in with Spotify, Apple Music, or Last.fm. We only read your library — we never modify it."
apps/web/src/pages/ImportPage.tsx,59,jsx-text,"We match your artists across platforms"
apps/web/src/pages/ImportPage.tsx,61,jsx-text,"Unstream searches every artist in your library across 17+ alternative platforms and shows you which ones you can buy from or support directly."
apps/web/src/pages/ImportPage.tsx,68,jsx-text,"Start supporting artists directly"
apps/web/src/pages/ImportPage.tsx,70,jsx-text,"Browse your results, save artists you want to follow, and get notified when they release new music on platforms where they earn more."
apps/web/src/pages/ImportPage.tsx,79,jsx-text,"In the meantime"
apps/web/src/pages/ImportPage.tsx,81,jsx-text,"You can search for any artist right now, or install the browser extension to automatically detect artists as you listen."
apps/web/src/pages/ImportPage.tsx,88,jsx-text,"Search for an artist"
apps/web/src/pages/ImportPage.tsx,94,jsx-text,"Get the extension"
apps/web/src/pages/KnownArtistsPage.tsx,6,prop,"Artists You Know"
apps/web/src/pages/LoginPage.tsx,124,prop,"Loading sign in"
apps/web/src/pages/LoginPage.tsx,155,jsx-text,"Signed in as"
apps/web/src/pages/LoginPage.tsx,161,jsx-text,"Go to Dashboard"
apps/web/src/pages/LoginPage.tsx,169,jsx-text,"Email address"
apps/web/src/pages/LoginPage.tsx,177,prop,"artist@example.com"
apps/web/src/pages/LoginPage.tsx,191,prop,"Enter your password"
apps/web/src/pages/LoginPage.tsx,201,jsx-text,"Forgot password?"
apps/web/src/pages/LoginPage.tsx,234,jsx-text,"New to Unstream? Send yourself a sign-in link and we'll create your account."
apps/web/src/pages/LoginPage.tsx,236,jsx-text,"Don't have an account yet?"
apps/web/src/pages/LoginPage.tsx,236,jsx-text,"Search for an artist"
apps/web/src/pages/LoginPage.tsx,236,jsx-text,"you like and click Save."
apps/web/src/pages/LoginPage.tsx,248,jsx-text,"Check your email"
apps/web/src/pages/LoginPage.tsx,250,jsx-text,"We sent a sign-in link to"
apps/web/src/pages/LoginPage.tsx,258,jsx-text,"Back to sign in"
apps/web/src/pages/LoginPage.tsx,265,jsx-text,"Check your email"
apps/web/src/pages/LoginPage.tsx,267,jsx-text,"We sent a password reset link to"
apps/web/src/pages/LoginPage.tsx,275,jsx-text,"Back to sign in"
apps/web/src/pages/LoginPage.tsx,282,jsx-text,"Artists: Click the ""Claim"" button on your listing to customize your links, fix inaccuracies, and more."
apps/web/src/pages/PlatformsPage.tsx,56,jsx-text,"Where Unstream looks"
apps/web/src/pages/PlatformsPage.tsx,58,jsx-text,"The places Unstream searches when you look up an artist, and how much of your money each one passes on."
apps/web/src/pages/PlatformsPage.tsx,66,jsx-text,"Payout is the share of a sale the artist keeps after the platform's fee. Card processing, usually around 2.9% plus 30¢, comes out on top of that, so the exact figure moves a little from sale to sale. The source for each number is in the"
apps/web/src/pages/PlatformsPage.tsx,68,jsx-text,", along with how Bandcamp Fridays change Bandcamp's."
apps/web/src/pages/PlatformsPage.tsx,73,template,"`platforms-${group.key}`"
apps/web/src/pages/PlatformsPage.tsx,74,template,"`platforms-${group.key}`"
apps/web/src/pages/PressPage.tsx,24,prop,"One line"
apps/web/src/pages/PressPage.tsx,29,prop,"Short — 25 words"
apps/web/src/pages/PressPage.tsx,34,prop,"Medium — 50 words"
apps/web/src/pages/PressPage.tsx,39,prop,"Long — 100 words"
apps/web/src/pages/PressPage.tsx,47,prop,"What it is"
apps/web/src/pages/PressPage.tsx,52,jsx-text,"unstream.stream"
apps/web/src/pages/PressPage.tsx,66,jsx-text,"Open source on GitHub"
apps/web/src/pages/PressPage.tsx,75,prop,"macOS distribution"
apps/web/src/pages/PressPage.tsx,78,jsx-text,"Direct download from"
apps/web/src/pages/PressPage.tsx,85,jsx-text,"GitHub Releases"
apps/web/src/pages/PressPage.tsx,87,jsx-text,"— not the Mac App Store"
apps/web/src/pages/PressPage.tsx,92,prop,"Sources searched"
apps/web/src/pages/PressPage.tsx,99,jsx-text,"GoatCounter, and"
apps/web/src/pages/PressPage.tsx,117,prop,"Press contact"
apps/web/src/pages/PressPage.tsx,120,jsx-text,"press@unstream.stream"
apps/web/src/pages/PressPage.tsx,125,prop,"Made by"
apps/web/src/pages/PressPage.tsx,128,jsx-text,"Brandon Lucas Green — independent musician ("
apps/web/src/pages/PressPage.tsx,135,jsx-text,"Kid Lightbulbs"
apps/web/src/pages/PressPage.tsx,137,jsx-text,"), based in Massachusetts"
apps/web/src/pages/PressPage.tsx,145,prop,"It reads what you’re playing and tells you where to buy it"
apps/web/src/pages/PressPage.tsx,150,prop,"New releases come to you, as a feed you own"
apps/web/src/pages/PressPage.tsx,155,prop,"Your saved artists are a page you can share"
apps/web/src/pages/PressPage.tsx,160,prop,"It works while you’re on Spotify"
apps/web/src/pages/PressPage.tsx,165,prop,"Artists can claim their page, free"
apps/web/src/pages/PressPage.tsx,194,prop,"The web app"
apps/web/src/pages/PressPage.tsx,199,prop,"An Unstream release page for the album World Wore by Roberta Fidora, with a Where To Buy section comparing Mirlo at 86–90% to artist and Bandcamp at 80–85%, broken down by format and price"
apps/web/src/pages/PressPage.tsx,205,prop,"Unstream artist page for Sarah McLachlan in light mode, showing Bandcamp at 80–85%, an official site, Discogs, and the library services Hoopla and Freegal, above a grid of releases each listing a date, a price, and an estimate of what reaches the artist"
apps/web/src/pages/PressPage.tsx,211,prop,"Unstream's artist page for Neko Case in dark mode, listing Bandcamp at 80–85%, Qobuz at ~70%, Discogs, Hoopla, and Freegal under a heading reading Support Directly"
apps/web/src/pages/PressPage.tsx,217,prop,"A claimed and verified Unstream artist page for Kid Lightbulbs, with a bio, an embedded featured release, support links showing payout percentages and AI policy badges, and a list of releases"
apps/web/src/pages/PressPage.tsx,223,prop,"The Unstream dashboard showing Upcoming Releases and Recent Releases with dates, prices, and estimated artist takings, above a list of saved artists"
apps/web/src/pages/PressPage.tsx,230,prop,"The macOS menu bar app"
apps/web/src/pages/PressPage.tsx,235,prop,"The Unstream menu bar app showing the currently playing artist and the platforms they sell on, each with a payout percentage"
apps/web/src/pages/PressPage.tsx,240,prop,"The Unstream menu bar app showing a list of saved artists, several marked Verified"
apps/web/src/pages/PressPage.tsx,245,prop,"Unstream menu bar search results for the band Liturgy"
apps/web/src/pages/PressPage.tsx,250,prop,"Unstream menu bar results for the artist okayden"
apps/web/src/pages/PressPage.tsx,256,prop,"The browser extension"
apps/web/src/pages/PressPage.tsx,261,prop,"The Unstream browser extension popup showing the currently playing artist, support links with payout percentages, and an expandable list of releases with prices"
apps/web/src/pages/PressPage.tsx,268,prop,"On a phone"
apps/web/src/pages/PressPage.tsx,273,prop,"A shared Unstream list titled brandon's saved artists on a phone, with several artists marked Supported and a Copy URL button"
apps/web/src/pages/PressPage.tsx,335,jsx-text,"Press kit"
apps/web/src/pages/PressPage.tsx,338,jsx-text,"Unstream is made by one person. Everything here is free to use, quote, edit for length, and reproduce without asking."
apps/web/src/pages/PressPage.tsx,345,jsx-text,"Four lengths. Use whichever fits, edited however you like."
apps/web/src/pages/PressPage.tsx,355,jsx-text,"The facts"
apps/web/src/pages/PressPage.tsx,365,jsx-text,"Sources fall into four groups: music marketplaces (Bandcamp, Mirlo, Ampwall, Subvert, Qobuz, Beatport, EVEN, Jam.coop, Discogs), patronage platforms (Patreon, Ko-fi, Buy Me a Coffee, Liberapay), decentralized and self-hosted platforms (Faircamp, Bandwagon, Funkwhale), and library services (Hoopla, Freegal, Internet Archive)."
apps/web/src/pages/PressPage.tsx,374,jsx-text,"What it does"
apps/web/src/pages/PressPage.tsx,385,jsx-text,"Also true:"
apps/web/src/pages/PressPage.tsx,385,jsx-text,"scrobbles to ListenBrainz, surfaces library services like Hoopla and Freegal so ""free and legal with your library card"" is a first-class answer, ships an iOS Shortcut that takes a share-sheet link from Spotify or Apple Music, has a"
apps/web/src/pages/PressPage.tsx,390,jsx-text,"public API"
apps/web/src/pages/PressPage.tsx,392,jsx-text,", and flags Bandcamp Friday in the web app and the extension."
apps/web/src/pages/PressPage.tsx,400,jsx-text,"What Unstream is"
apps/web/src/pages/PressPage.tsx,403,jsx-text,"These are the five things people assume that aren't true."
apps/web/src/pages/PressPage.tsx,418,jsx-text,"Free to use with credit to Unstream. Click any image to open it at full size."
apps/web/src/pages/PressPage.tsx,425,template,"`grid gap-6 ${group.columns === 2 ? 'sm:grid-cols-2' : 'grid-cols-1'}`"
apps/web/src/pages/PressPage.tsx,452,jsx-text,"Please don't restyle, recolor, or add effects to the mark. Otherwise, use it however you need."
apps/web/src/pages/PressPage.tsx,458,prop,"The Unstream app icon"
apps/web/src/pages/PressPage.tsx,464,jsx-text,"512×512 PNG"
apps/web/src/pages/PressPage.tsx,468,jsx-text,"192×192 PNG"
apps/web/src/pages/PressPage.tsx,476,jsx-text,"Larger sizes and light/dark variants live in"
apps/web/src/pages/PressPage.tsx,483,jsx-text,"assets/logos"
apps/web/src/pages/PressPage.tsx,485,jsx-text,"in the repo."
apps/web/src/pages/PressPage.tsx,494,jsx-text,"How many people use it"
apps/web/src/pages/PressPage.tsx,497,jsx-text,"Not many. It's a small tool I work on in evenings, and the numbers (which are"
apps/web/src/pages/PressPage.tsx,506,jsx-text,"and anonymized) reflect that."
apps/web/src/pages/PressPage.tsx,512,jsx-text,"Who made it"
apps/web/src/pages/PressPage.tsx,522,prop,"Brandon Lucas Green"
apps/web/src/pages/PressPage.tsx,529,jsx-text,"Brandon Lucas Green is an independent musician who records as"
apps/web/src/pages/PressPage.tsx,536,jsx-text,"Kid Lightbulbs"
apps/web/src/pages/PressPage.tsx,538,jsx-text,"and works in product at"
apps/web/src/pages/PressPage.tsx,556,jsx-text,"Download the photo"
apps/web/src/pages/PressPage.tsx,558,jsx-text,"— 1500×1000 JPEG, free to use with the piece."
apps/web/src/pages/PressPage.tsx,572,jsx-text,"press@unstream.stream"
apps/web/src/pages/PressPage.tsx,574,jsx-text,"— I answer everything. Happy to do a call, walk through the app, hand over a build, or answer a question that makes the piece better. There's no embargo on anything here."
apps/web/src/pages/PressPage.tsx,578,jsx-text,"Not press?"
apps/web/src/pages/PressPage.tsx,580,jsx-text,"The contact page"
apps/web/src/pages/PressPage.tsx,582,jsx-text,"is the better door."
apps/web/src/pages/PrivacyPolicyPage.tsx,29,jsx-text,"Privacy Policy"
apps/web/src/pages/PrivacyPolicyPage.tsx,30,jsx-text,"Last updated: October 4, 2026"
apps/web/src/pages/PrivacyPolicyPage.tsx,33,jsx-text,"The short version"
apps/web/src/pages/PrivacyPolicyPage.tsx,36,jsx-text,"You can use Unstream without an account, and we'd rather you didn't have to make one."
apps/web/src/pages/PrivacyPolicyPage.tsx,39,jsx-text,"We don't sell your data, we don't run ad trackers, and we don't follow you around the web."
apps/web/src/pages/PrivacyPolicyPage.tsx,43,jsx-text,"We don't record who searched for what."
apps/web/src/pages/PrivacyPolicyPage.tsx,43,jsx-text,"We do keep the search terms themselves — cached so the next person's search is fast — with nothing attached that says it was you."
apps/web/src/pages/PrivacyPolicyPage.tsx,48,jsx-text,"Your saved artists are stored on our servers, tied to your account, so they can sync between your devices. They're private unless you deliberately publish them."
apps/web/src/pages/PrivacyPolicyPage.tsx,52,jsx-text,"Your username, your location, and public sharing are all optional and all off until you turn them on."
apps/web/src/pages/PrivacyPolicyPage.tsx,56,jsx-text,"Ask us for your data or ask us to delete it at"
apps/web/src/pages/PrivacyPolicyPage.tsx,58,jsx-text,"support@unstream.stream"
apps/web/src/pages/PrivacyPolicyPage.tsx,60,jsx-text,", and we'll do it."
apps/web/src/pages/PrivacyPolicyPage.tsx,65,prop,"How much we know about you, honestly"
apps/web/src/pages/PrivacyPolicyPage.tsx,67,jsx-text,"""Anonymous"" is a word that gets used loosely, so here's the real breakdown. Three categories, and we've been strict about which is which."
apps/web/src/pages/PrivacyPolicyPage.tsx,71,jsx-text,"Genuinely anonymous"
apps/web/src/pages/PrivacyPolicyPage.tsx,73,jsx-text,"Nothing identifies you, not even indirectly, and there's no way for us to work backwards to a person."
apps/web/src/pages/PrivacyPolicyPage.tsx,78,jsx-text,"Artist performance stats."
apps/web/src/pages/PrivacyPolicyPage.tsx,78,jsx-text,"The numbers on an artist's dashboard are daily totals per artist: how many searches they appeared in, how many times their page was viewed, how many times each platform link was clicked. A counter goes up by one. No user ID, no session, no IP address, nothing about who did it or what else they did."
apps/web/src/pages/PrivacyPolicyPage.tsx,86,jsx-text,"Pseudonymous — not linked to you, but not nothing"
apps/web/src/pages/PrivacyPolicyPage.tsx,88,jsx-text,"No name or email is attached, but there's some kind of identifier involved. We call this out rather than filing it under ""anonymous"", because that would be a stretch."
apps/web/src/pages/PrivacyPolicyPage.tsx,93,jsx-text,"Product usage events."
apps/web/src/pages/PrivacyPolicyPage.tsx,93,jsx-text,"Things like ""a search happened and returned 12 results"" or ""somebody clicked a Bandcamp link"", so we can tell whether a feature works. Each carries a session token that is a one-way keyed hash of your IP address, your browser's user agent, and today's date. It changes every day, we can't reverse it into an IP, and it can't follow you from one day to the next. We never store the raw IP."
apps/web/src/pages/PrivacyPolicyPage.tsx,101,jsx-text,"Rate-limiting records."
apps/web/src/pages/PrivacyPolicyPage.tsx,101,jsx-text,"To stop abuse we count requests per IP address in a temporary store. This one is a raw IP address, held for at most 24 hours, and used for nothing else."
apps/web/src/pages/PrivacyPolicyPage.tsx,106,jsx-text,"Website analytics."
apps/web/src/pages/PrivacyPolicyPage.tsx,106,jsx-text,"GoatCounter, which is privacy-focused and cookie-free, records page views using its own daily-rotating visitor hash. It's configured to receive the page you visited and not the query string, so a search reaches it as a visit to the home page rather than as an artist name."
apps/web/src/pages/PrivacyPolicyPage.tsx,113,jsx-text,"Linked to your account"
apps/web/src/pages/PrivacyPolicyPage.tsx,114,jsx-text,"Once you create an account, this is tied to you and we can look it up:"
apps/web/src/pages/PrivacyPolicyPage.tsx,116,jsx-text,"Your email address, and a securely hashed password if you set one."
apps/web/src/pages/PrivacyPolicyPage.tsx,118,jsx-text,"The artists you've saved, any notes you attached, which ones you've marked as supported, and when."
apps/web/src/pages/PrivacyPolicyPage.tsx,122,jsx-text,"A device identifier for each device you sync from — a random ID generated on install, used to work out which device made which change. It isn't a hardware identifier and it tells us nothing about your device."
apps/web/src/pages/PrivacyPolicyPage.tsx,126,jsx-text,"Your username and location, if you set them."
apps/web/src/pages/PrivacyPolicyPage.tsx,127,jsx-text,"The secret token behind your personal release feed, if you've created one."
apps/web/src/pages/PrivacyPolicyPage.tsx,129,jsx-text,"For artists: your claimed profile — bio, photo, links, featured release — and anything you wrote in a manual verification request."
apps/web/src/pages/PrivacyPolicyPage.tsx,132,jsx-text,"For API users: your email, a label for each key, and a hash of the key itself."
apps/web/src/pages/PrivacyPolicyPage.tsx,136,prop,"About your searches"
apps/web/src/pages/PrivacyPolicyPage.tsx,138,jsx-text,"People assume searches are the sensitive part, so this gets its own section rather than a footnote."
apps/web/src/pages/PrivacyPolicyPage.tsx,142,jsx-text,"We do not record who searched for what."
apps/web/src/pages/PrivacyPolicyPage.tsx,142,jsx-text,"No search is ever written against your account, and signing in doesn't change that — your search history isn't something we hold, because we never build one."
apps/web/src/pages/PrivacyPolicyPage.tsx,147,jsx-text,"We do store the search terms themselves"
apps/web/src/pages/PrivacyPolicyPage.tsx,147,jsx-text,", detached from any person, in three places:"
apps/web/src/pages/PrivacyPolicyPage.tsx,152,jsx-text,"A results cache, so a popular artist doesn't cost every visitor a fresh round of requests to a dozen platforms. Entries are keyed by the artist name and normally expire within 30 minutes."
apps/web/src/pages/PrivacyPolicyPage.tsx,157,jsx-text,"A permanent record of which artist names we've already checked on Bandcamp, and what we found. This is what stops us hammering Bandcamp with the same lookups forever. It stores the normalized artist name and the result — nothing about who asked."
apps/web/src/pages/PrivacyPolicyPage.tsx,164,jsx-text,"Those two exist so that looking up a popular artist doesn't cost a dozen platforms a fresh round of requests every time somebody asks. A cache has to be keyed by the thing it's caching for, so the search term is the key — but nothing is stored beside it that could connect it to a person."
apps/web/src/pages/PrivacyPolicyPage.tsx,170,jsx-text,"Everywhere the search term"
apps/web/src/pages/PrivacyPolicyPage.tsx,170,jsx-text,"isn't"
apps/web/src/pages/PrivacyPolicyPage.tsx,170,jsx-text,"needed, we've taken it out. It's kept out of our server logs, which record which platform answered and how, not what was asked for. A search puts the artist name in the page address ("
apps/web/src/pages/PrivacyPolicyPage.tsx,173,jsx-text,"unstream.stream/?q=artist+name"
apps/web/src/pages/PrivacyPolicyPage.tsx,173,jsx-text,"), and our website analytics is configured to drop the query string, so it records a visit to the home page and never the term. Error reports have the query stripped from the page address too."
apps/web/src/pages/PrivacyPolicyPage.tsx,178,jsx-text,"The one deliberate exception: when a search comes back with nothing at all, we record the term on its own so we can see which artists people are looking for and failing to find. It's what tells us where our coverage is missing, it's recorded once per term per day however many people search it, and it carries nothing about who searched."
apps/web/src/pages/PrivacyPolicyPage.tsx,186,prop,"What's public, and only if you choose"
apps/web/src/pages/PrivacyPolicyPage.tsx,188,jsx-text,"Everything in your account is private by default. There are exactly two ways something becomes publicly visible, and both are things you have to switch on."
apps/web/src/pages/PrivacyPolicyPage.tsx,192,jsx-text,"Sharing your saved artists."
apps/web/src/pages/PrivacyPolicyPage.tsx,192,jsx-text,"Setting a username doesn't publish anything on its own. Turning on sharing publishes a page at"
apps/web/src/pages/PrivacyPolicyPage.tsx,194,jsx-text,"unstream.stream/u/your-username"
apps/web/src/pages/PrivacyPolicyPage.tsx,194,jsx-text,"showing your username, the artists you've saved, which ones you've marked as supported, and your location if you've set one. Anyone can open it without an account, and search engines can index it. Your email address is never published, and neither are your notes."
apps/web/src/pages/PrivacyPolicyPage.tsx,200,jsx-text,"You can turn sharing off, change your username, or clear your location at any time in your settings. The page goes down, but copies already made by caches, archives or other people are beyond our reach. There's more on this in section 6 of the"
apps/web/src/pages/PrivacyPolicyPage.tsx,204,jsx-text,"Terms of Use"
apps/web/src/pages/PrivacyPolicyPage.tsx,209,jsx-text,"Claiming an artist profile."
apps/web/src/pages/PrivacyPolicyPage.tsx,209,jsx-text,"Once verified, your bio, photo, links, location and featured release are shown publicly on your artist page. That's the point of claiming it. The email address you claimed with is not shown."
apps/web/src/pages/PrivacyPolicyPage.tsx,214,jsx-text,"Taking tips as an artist."
apps/web/src/pages/PrivacyPolicyPage.tsx,214,jsx-text,"If you connect Stripe to take tips, we keep your Stripe account ID, the country you chose, whether Stripe has enabled charges on the account, when you accepted the artist terms for tips and which version of them you accepted, the share you've chosen for Unstream, and any goals you set. To check that the account belongs to you before tips go live, an admin looks at the Stripe account's business name, country and email address next to the email you claimed your profile with; those Stripe details are read from Stripe at the time and not stored. We email you when your tips are approved."
apps/web/src/pages/PrivacyPolicyPage.tsx,225,prop,"Where your data goes"
apps/web/src/pages/PrivacyPolicyPage.tsx,227,jsx-text,"We use a small number of providers to run the Service. They process data on our behalf, and none of them get your data to use for their own purposes."
apps/web/src/pages/PrivacyPolicyPage.tsx,231,jsx-text,"— hosting and serverless functions."
apps/web/src/pages/PrivacyPolicyPage.tsx,232,jsx-text,"— the database and authentication."
apps/web/src/pages/PrivacyPolicyPage.tsx,233,jsx-text,"— the temporary cache and rate-limiting store."
apps/web/src/pages/PrivacyPolicyPage.tsx,234,jsx-text,"— cookie-free website analytics."
apps/web/src/pages/PrivacyPolicyPage.tsx,235,jsx-text,"— error reports, configured not to send IP addresses, cookies or request headers, and with the query string stripped from the page address."
apps/web/src/pages/PrivacyPolicyPage.tsx,236,jsx-text,"— Brandon's newsletter, [lightbulbs on], which carries Unstream's updates. Only if you subscribe, through a signup form, the checkbox when you claim a profile, or the one-time invitation on your dashboard."
apps/web/src/pages/PrivacyPolicyPage.tsx,237,jsx-text,"— support and in-app purchases. We never see your payment details."
apps/web/src/pages/PrivacyPolicyPage.tsx,238,jsx-text,"— tips to artists. You pay the artist through their own Stripe account; Stripe handles your card details and we never see them. We keep a record that a tip happened, its amount and, if you were signed in or saved the tip to your account afterwards, your account. Stripe asks for your email address at checkout; we pass it back to Stripe so the artist's receipt reaches you, and we don't keep it."
apps/web/src/pages/PrivacyPolicyPage.tsx,241,jsx-text,"Separately, we read from public music and metadata sources — MusicBrainz, Wikidata, Wikipedia, Discogs, Bandcamp, Mirlo and the other platforms we list. We send them an artist name to search for. We never send them anything about you."
apps/web/src/pages/PrivacyPolicyPage.tsx,246,jsx-text,"These providers are based in the United States, and that's where your data is stored and processed. If you're in the UK or EEA, that means your data is transferred outside your home region."
apps/web/src/pages/PrivacyPolicyPage.tsx,252,prop,"The apps and the extension"
apps/web/src/pages/PrivacyPolicyPage.tsx,254,jsx-text,"Browser extension."
apps/web/src/pages/PrivacyPolicyPage.tsx,254,jsx-text,"It reads the artist and track showing on the streaming sites it supports, so it can look them up. That reading happens in your browser; the artist name is sent to our search API the same way a search on the website is. It never reads your credentials, your listening history, your playlists, or anything on other sites. Saved artists live in your browser's local storage, and sync to your account only if you sign in."
apps/web/src/pages/PrivacyPolicyPage.tsx,262,jsx-text,"macOS and iOS apps."
apps/web/src/pages/PrivacyPolicyPage.tsx,262,jsx-text,"They read now-playing information from your device for the same purpose. Saved artists are stored on your device, and sync to your account only if you sign in. Optional extras stay on your device: if you connect ListenBrainz, your listening data goes from your device to ListenBrainz under their privacy policy and never through us, and if you connect Plex, your token and server address stay in your device's keychain and talk only to your own server."
apps/web/src/pages/PrivacyPolicyPage.tsx,272,prop,"What we don't collect"
apps/web/src/pages/PrivacyPolicyPage.tsx,274,jsx-text,"A history of your searches, tied to you."
apps/web/src/pages/PrivacyPolicyPage.tsx,275,jsx-text,"Credentials for any streaming service."
apps/web/src/pages/PrivacyPolicyPage.tsx,276,jsx-text,"Your listening history or playlists, except where you've explicitly connected ListenBrainz, which we don't see."
apps/web/src/pages/PrivacyPolicyPage.tsx,277,jsx-text,"Advertising or cross-site tracking cookies. We don't run ads."
apps/web/src/pages/PrivacyPolicyPage.tsx,278,jsx-text,"Your payment details."
apps/web/src/pages/PrivacyPolicyPage.tsx,279,jsx-text,"Anything from web pages other than the streaming player pages the extension supports."
apps/web/src/pages/PrivacyPolicyPage.tsx,280,jsx-text,"Precise or device-derived location. The only location we hold is one you typed in yourself."
apps/web/src/pages/PrivacyPolicyPage.tsx,281,jsx-text,"Special-category data — health, politics, religion, biometrics. We have no use for it and don't ask."
apps/web/src/pages/PrivacyPolicyPage.tsx,283,jsx-text,"We also don't sell personal data, and we don't share it for advertising. There's no version of this where that changes without us telling you first."
apps/web/src/pages/PrivacyPolicyPage.tsx,286,prop,"Why we're allowed to hold it"
apps/web/src/pages/PrivacyPolicyPage.tsx,288,jsx-text,"If you're in the UK or EEA, the legal bases we rely on are:"
apps/web/src/pages/PrivacyPolicyPage.tsx,289,jsx-text,"for the things your account needs in order to work (your email, your saved artists, sync);"
apps/web/src/pages/PrivacyPolicyPage.tsx,290,jsx-text,"for anything optional you switched on (the newsletter, public sharing, a location); and"
apps/web/src/pages/PrivacyPolicyPage.tsx,291,jsx-text,"legitimate interests"
apps/web/src/pages/PrivacyPolicyPage.tsx,292,jsx-text,"for keeping the Service running, secure, and not overwhelmed by abuse — the rate-limiting records, the error reports, and the anonymous and pseudonymous usage counts. Where we rely on consent, you can withdraw it at any time without affecting what came before."
apps/web/src/pages/PrivacyPolicyPage.tsx,299,prop,"How long we keep it"
apps/web/src/pages/PrivacyPolicyPage.tsx,301,jsx-text,"Account data"
apps/web/src/pages/PrivacyPolicyPage.tsx,301,jsx-text,"— until you delete your account."
apps/web/src/pages/PrivacyPolicyPage.tsx,302,jsx-text,"Removed saved artists"
apps/web/src/pages/PrivacyPolicyPage.tsx,302,jsx-text,"— a deletion marker is kept for 30 days so your other devices learn about the removal, then permanently erased."
apps/web/src/pages/PrivacyPolicyPage.tsx,303,jsx-text,"Search results cache"
apps/web/src/pages/PrivacyPolicyPage.tsx,303,jsx-text,"— usually 30 minutes."
apps/web/src/pages/PrivacyPolicyPage.tsx,304,jsx-text,"Rate-limiting records"
apps/web/src/pages/PrivacyPolicyPage.tsx,304,jsx-text,"— at most 24 hours."
apps/web/src/pages/PrivacyPolicyPage.tsx,305,jsx-text,"The record of which artist names we've checked on Bandcamp"
apps/web/src/pages/PrivacyPolicyPage.tsx,305,jsx-text,"— kept indefinitely. It contains no personal data."
apps/web/src/pages/PrivacyPolicyPage.tsx,306,jsx-text,"Artist performance stats"
apps/web/src/pages/PrivacyPolicyPage.tsx,306,jsx-text,"— kept indefinitely as historical trends. Anonymous from the moment they're recorded."
apps/web/src/pages/PrivacyPolicyPage.tsx,307,jsx-text,"Product usage events"
apps/web/src/pages/PrivacyPolicyPage.tsx,307,jsx-text,"— the session token is erased after 90 days, leaving a count with nothing identifying attached. The counts themselves are kept as historical trends."
apps/web/src/pages/PrivacyPolicyPage.tsx,308,jsx-text,"Newsletter subscription"
apps/web/src/pages/PrivacyPolicyPage.tsx,308,jsx-text,"— until you unsubscribe."
apps/web/src/pages/PrivacyPolicyPage.tsx,309,jsx-text,"— deleted data can persist in backups for a short period after deletion before ageing out."
apps/web/src/pages/PrivacyPolicyPage.tsx,313,prop,"Your rights"
apps/web/src/pages/PrivacyPolicyPage.tsx,315,jsx-text,"Depending on where you live you may have the right to access your data, correct it, delete it, take a copy elsewhere, object to or restrict how we use it, and withdraw consent. We extend all of these to everyone, wherever you are, because running two standards would be worse for everybody."
apps/web/src/pages/PrivacyPolicyPage.tsx,321,jsx-text,"Some you can exercise yourself, right now: your saved artists, username, location and sharing setting are all editable in"
apps/web/src/pages/PrivacyPolicyPage.tsx,324,jsx-text,"your settings"
apps/web/src/pages/PrivacyPolicyPage.tsx,326,jsx-text,", your newsletter subscription has an unsubscribe link on every issue, and your release feed token can be rotated or revoked."
apps/web/src/pages/PrivacyPolicyPage.tsx,330,jsx-text,"For anything else — a copy of everything we hold on you, or deletion of your account and its data — email"
apps/web/src/pages/PrivacyPolicyPage.tsx,333,jsx-text,"support@unstream.stream"
apps/web/src/pages/PrivacyPolicyPage.tsx,340,jsx-text,"You can clear local data without involving us at all: remove the browser extension or clear its storage, or delete the app from your device."
apps/web/src/pages/PrivacyPolicyPage.tsx,347,jsx-text,"Your account data — your saved artists, your username and location, your feed token — is protected by database policies that scope every row to its owner. API keys are stored as hashes, never in plaintext. Passwords are handled by Supabase Auth and we never see them. Traffic is encrypted in transit."
apps/web/src/pages/PrivacyPolicyPage.tsx,353,jsx-text,"No system is perfectly secure, and we won't pretend otherwise. If you find a vulnerability, please tell us at support@unstream.stream — we'll take it seriously and we won't come after you for reporting it in good faith. If a breach affects your personal data, we'll tell you and the relevant regulator as the law requires."
apps/web/src/pages/PrivacyPolicyPage.tsx,362,jsx-text,"Unstream isn't directed at children under 13, and we don't knowingly collect their data. You must be at least 13 to create an account, or older where your country requires it. If you believe a child under 13 has an account, tell us and we'll remove it."
apps/web/src/pages/PrivacyPolicyPage.tsx,369,prop,"Changes to this policy"
apps/web/src/pages/PrivacyPolicyPage.tsx,371,jsx-text,"We'll update this page as the Service changes, and update the ""Last updated"" date when we do. For changes that materially affect how we handle your data, we'll give notice on the site and, if you have an account, by email — before the change takes effect where we reasonably can."
apps/web/src/pages/PrivacyPolicyPage.tsx,380,jsx-text,"Questions, requests, or corrections:"
apps/web/src/pages/PrivacyPolicyPage.tsx,382,jsx-text,"support@unstream.stream"
apps/web/src/pages/PrivacyPolicyPage.tsx,386,jsx-text,"Terms of Use"
apps/web/src/pages/PrivacyPolicyPage.tsx,388,jsx-text,"cover the rest of the relationship."
apps/web/src/pages/PublicSavedArtistsPage.tsx,80,prop,"Loading saved artists"
apps/web/src/pages/PublicSavedArtistsPage.tsx,96,jsx-text,"Not found"
apps/web/src/pages/PublicSavedArtistsPage.tsx,98,jsx-text,"This saved artists list is either private or doesn't exist."
apps/web/src/pages/PublicSavedArtistsPage.tsx,104,jsx-text,"Back to Unstream"
apps/web/src/pages/PublicSavedArtistsPage.tsx,129,jsx-text,"'s collection"
apps/web/src/pages/PublicSavedArtistsPage.tsx,138,template,"`mt-4 inline-flex items-center gap-2 px-4 py-2 rounded-lg border text-sm font-medium transition-colors ${ copied ? 'border-green-500/30 text-green-400' : 'border-border text-text-muted hover:text-text-primary hover:border-border-hover' }`"
apps/web/src/pages/PublicSavedArtistsPage.tsx,175,jsx-text,"Nothing here yet."
apps/web/src/pages/ResetPasswordPage.tsx,52,prop,"Loading password reset"
apps/web/src/pages/ResetPasswordPage.tsx,67,jsx-text,"Reset Password"
apps/web/src/pages/ResetPasswordPage.tsx,78,jsx-text,"Password updated"
apps/web/src/pages/ResetPasswordPage.tsx,80,jsx-text,"Redirecting to your dashboard..."
apps/web/src/pages/ResetPasswordPage.tsx,87,jsx-text,"New password"
apps/web/src/pages/ResetPasswordPage.tsx,96,prop,"At least 8 characters"
apps/web/src/pages/ResetPasswordPage.tsx,103,jsx-text,"Confirm password"
apps/web/src/pages/ResetPasswordPage.tsx,112,prop,"Re-enter your password"
apps/web/src/pages/ResetPasswordPage.tsx,126,jsx-text,"Invalid or expired link"
apps/web/src/pages/ResetPasswordPage.tsx,128,jsx-text,"This password reset link is no longer valid. Please request a new one from the login page."
apps/web/src/pages/ResetPasswordPage.tsx,134,jsx-text,"Back to login"
apps/web/src/pages/RoadmapPage.tsx,10,jsx-text,"Redirecting to roadmap..."
apps/web/src/pages/SettingsPage.tsx,64,prop,"Loading your settings"
apps/web/src/pages/SettingsPage.tsx,88,jsx-text,"Signed in as"
apps/web/src/pages/SettingsPage.tsx,104,jsx-text,"Public profile"
apps/web/src/pages/SettingsPage.tsx,110,jsx-text,"Bandcamp collection"
apps/web/src/pages/SettingsPage.tsx,119,jsx-text,"Release calendar"
apps/web/src/pages/SettingsPage.tsx,128,jsx-text,"Emails about the artists you've saved."
apps/web/src/pages/SupportPage.tsx,14,jsx-text,"Support Unstream"
apps/web/src/pages/SupportPage.tsx,23,jsx-text,"Unstream is free to use because its mission is to expand &amp; deepen support for artists. Search, support links, saved artists and the apps stay free whether or not anyone pays."
apps/web/src/pages/SupportPage.tsx,28,jsx-text,"I'm Brandon"
apps/web/src/pages/SupportPage.tsx,30,jsx-text,"— an indie musician and tech worker. I build and run Unstream in my spare time, and because Unstream has been small, I've been able to run it basically for free."
apps/web/src/pages/SupportPage.tsx,37,jsx-text,"That's about to change"
apps/web/src/pages/SupportPage.tsx,40,jsx-text,"Unstream is growing, which is exciting! But it's starting to outgrow free services. The database has already gone down a few times as I've added features and more people have started to use it. Moving to paid services to run Unstream looks roughly like this:"
apps/web/src/pages/SupportPage.tsx,59,jsx-text,"How you can help"
apps/web/src/pages/SupportPage.tsx,62,jsx-text,"If you use and like Unstream, I'd appreciate a one-time or recurring contribution. Payments will go directly toward improving the service and helping more music fans discover it."
apps/web/src/pages/SupportPage.tsx,76,jsx-text,"Support Unstream on Ko-fi"
apps/web/src/pages/SupportPage.tsx,78,jsx-text,"One-time or monthly."
apps/web/src/pages/SupportPage.tsx,83,jsx-text,"Other ways to help"
apps/web/src/pages/SupportPage.tsx,87,jsx-text,"Star the project on"
apps/web/src/pages/SupportPage.tsx,91,jsx-text,"Share Unstream with friends who care about supporting artists"
apps/web/src/pages/SupportPage.tsx,95,jsx-text,"Report bugs or suggest features on"
apps/web/src/pages/TermsOfUsePage.tsx,26,jsx-text,"Terms of Use"
apps/web/src/pages/TermsOfUsePage.tsx,27,jsx-text,"Last updated: October 4, 2026"
apps/web/src/pages/TermsOfUsePage.tsx,30,jsx-text,"The short version"
apps/web/src/pages/TermsOfUsePage.tsx,32,jsx-text,"This summary is here to be read. It isn't a substitute for the full terms below, and where the two disagree, the full terms win."
apps/web/src/pages/TermsOfUsePage.tsx,37,jsx-text,"Unstream is a free search tool that points you to places to buy music and support artists directly. We don't host music, sell it, or take a cut of anything you spend — those purchases happen on other platforms, under their terms."
apps/web/src/pages/TermsOfUsePage.tsx,42,jsx-text,"You only need an account to save artists, sync them across devices, or run an artist profile. You're responsible for what happens under your account."
apps/web/src/pages/TermsOfUsePage.tsx,46,jsx-text,"If you switch on public sharing, your username, your saved artists, and your location (if you set one) become visible to anyone with the link. Switching it off stops that going forward, but copies other people or search engines already made are out of our hands."
apps/web/src/pages/TermsOfUsePage.tsx,51,jsx-text,"Claiming an artist profile is you telling us that you are that artist, or that you're authorized to act for them. Claiming one you have no right to gets it taken away."
apps/web/src/pages/TermsOfUsePage.tsx,55,jsx-text,"Everything here is provided as-is. Search results, platform links, and payout percentages are a careful best effort, not a guarantee."
apps/web/src/pages/TermsOfUsePage.tsx,59,jsx-text,"If something looks wrong, email"
apps/web/src/pages/TermsOfUsePage.tsx,61,jsx-text,"support@unstream.stream"
apps/web/src/pages/TermsOfUsePage.tsx,68,prop,"Agreement to these terms"
apps/web/src/pages/TermsOfUsePage.tsx,70,jsx-text,"These Terms of Use (""Terms"") are an agreement between you and Unstream. They cover the website at unstream.stream, the Unstream browser extension, the Unstream apps for macOS and iOS, our public API, and any other service we offer that links to this page (together, the ""Service"")."
apps/web/src/pages/TermsOfUsePage.tsx,76,jsx-text,"By using the Service — searching, creating an account, claiming an artist profile, or calling the API — you agree to these Terms. If you don't agree, please don't use the Service."
apps/web/src/pages/TermsOfUsePage.tsx,82,jsx-text,"Privacy Policy"
apps/web/src/pages/TermsOfUsePage.tsx,84,jsx-text,"explains what data we collect and why. It's part of this agreement."
apps/web/src/pages/TermsOfUsePage.tsx,88,prop,"Who we are"
apps/web/src/pages/TermsOfUsePage.tsx,90,jsx-text,"Unstream is an independent project, run and paid for by one person rather than a company. ""Unstream"", ""we"", and ""us"" in these Terms mean that project and whoever operates it. ""You"" means whoever is using the Service."
apps/web/src/pages/TermsOfUsePage.tsx,95,jsx-text,"The Service is free to use. There is no paid tier, no subscription, and nothing you have to buy to get the whole product. Donations and in-app tips are covered in section 13, and tipping artists in section 14."
apps/web/src/pages/TermsOfUsePage.tsx,100,prop,"Eligibility and age"
apps/web/src/pages/TermsOfUsePage.tsx,102,jsx-text,"You must be at least 13 years old to create an Unstream account. If you're in the European Economic Area, the United Kingdom, or anywhere else that sets a higher minimum age for consenting to online services on your own, you must meet that age instead, or have your parent or guardian agree to these Terms for you."
apps/web/src/pages/TermsOfUsePage.tsx,108,jsx-text,"Unstream isn't directed at children under 13, and we don't knowingly keep accounts for them. If you believe a child under 13 has an account, tell us at support@unstream.stream and we'll remove it."
apps/web/src/pages/TermsOfUsePage.tsx,112,jsx-text,"If you're using the Service on behalf of an organization — a label, a management company, a band's shared account — you're confirming you're authorized to accept these Terms for that organization."
apps/web/src/pages/TermsOfUsePage.tsx,117,prop,"Your account"
apps/web/src/pages/TermsOfUsePage.tsx,119,jsx-text,"You can sign in with a one-time link sent to your email, or with a password. Either way, your email address is your account. Keep it secure: anyone who can read your inbox can sign in as you."
apps/web/src/pages/TermsOfUsePage.tsx,123,jsx-text,"Give us an email address you actually control, and keep it current."
apps/web/src/pages/TermsOfUsePage.tsx,124,jsx-text,"Don't share your account, your password, or your sign-in links with anyone else."
apps/web/src/pages/TermsOfUsePage.tsx,126,jsx-text,"You're responsible for everything done through your account, except activity that happens after you tell us it's been compromised."
apps/web/src/pages/TermsOfUsePage.tsx,129,jsx-text,"Tell us promptly at support@unstream.stream if you think someone else has access to it."
apps/web/src/pages/TermsOfUsePage.tsx,130,jsx-text,"One person, one account. Don't create accounts to evade a suspension or a rate limit."
apps/web/src/pages/TermsOfUsePage.tsx,133,jsx-text,"You can delete your account and the data attached to it at any time by emailing support@unstream.stream."
apps/web/src/pages/TermsOfUsePage.tsx,138,prop,"What Unstream does — and what it doesn't"
apps/web/src/pages/TermsOfUsePage.tsx,140,jsx-text,"Unstream searches music platforms for an artist you name and shows you where to find them, grouped by category, with an estimate of how much of your money reaches the artist on each one."
apps/web/src/pages/TermsOfUsePage.tsx,144,jsx-text,"We are a directory and a search tool."
apps/web/src/pages/TermsOfUsePage.tsx,144,jsx-text,"We don't host, sell, stream, or license music. We aren't a party to anything you buy. Every purchase, subscription, download, and refund is between you and the platform you buy from, under that platform's terms."
apps/web/src/pages/TermsOfUsePage.tsx,148,jsx-text,"Some specific limits worth being blunt about:"
apps/web/src/pages/TermsOfUsePage.tsx,151,jsx-text,"Results can be wrong."
apps/web/src/pages/TermsOfUsePage.tsx,151,jsx-text,"Matching an artist name across platforms is genuinely hard. Two artists share a name; a page turns out to be a fan account; a platform's search misses somebody who's plainly there. We work at this constantly and we still get it wrong. Check before you buy."
apps/web/src/pages/TermsOfUsePage.tsx,156,jsx-text,"Payout percentages are estimates."
apps/web/src/pages/TermsOfUsePage.tsx,156,jsx-text,"They come from each platform's own published fees and don't account for payment processing, currency conversion, label or distributor splits, or deals we can't see. Treat them as a guide to the shape of the ecosystem, not as an accounting of a specific sale."
apps/web/src/pages/TermsOfUsePage.tsx,162,jsx-text,"A listing isn't an endorsement"
apps/web/src/pages/TermsOfUsePage.tsx,162,jsx-text,"— of a platform, an artist, or a release. A missing listing isn't a judgment either; it usually means we didn't find one."
apps/web/src/pages/TermsOfUsePage.tsx,166,jsx-text,"Release information may be stale or incomplete."
apps/web/src/pages/TermsOfUsePage.tsx,166,jsx-text,"We catalogue releases from artists' own pages on a schedule, so new releases can take a while to appear and removed ones can linger."
apps/web/src/pages/TermsOfUsePage.tsx,172,prop,"Saved artists, sharing, and public pages"
apps/web/src/pages/TermsOfUsePage.tsx,174,jsx-text,"A signed-in account lets you save artists, mark artists you've supported, and sync that list between the website, the browser extension, and the Apple apps. By default, that list is private to you."
apps/web/src/pages/TermsOfUsePage.tsx,178,jsx-text,"You can also claim a username and switch on public sharing, which publishes your list at unstream.stream/u/your-username."
apps/web/src/pages/TermsOfUsePage.tsx,179,jsx-text,"Before you do, understand what becomes public:"
apps/web/src/pages/TermsOfUsePage.tsx,182,jsx-text,"Your username."
apps/web/src/pages/TermsOfUsePage.tsx,183,jsx-text,"The artists you've saved, and which ones you've marked as supported."
apps/web/src/pages/TermsOfUsePage.tsx,184,jsx-text,"Your location, if you've set one in your settings."
apps/web/src/pages/TermsOfUsePage.tsx,187,jsx-text,"Your email address is never published. The page is open to anyone with the link — no account needed — and it can be indexed by search engines, archived, screenshotted, and shared onward."
apps/web/src/pages/TermsOfUsePage.tsx,191,jsx-text,"You can turn sharing off, change your username, or clear your location at any time in your settings. That takes the page down going forward, and we'll ask search engines to drop it, but"
apps/web/src/pages/TermsOfUsePage.tsx,193,jsx-text,"we can't retrieve copies that already exist"
apps/web/src/pages/TermsOfUsePage.tsx,193,jsx-text,"in caches, archives, or someone else's screenshot. Please share deliberately."
apps/web/src/pages/TermsOfUsePage.tsx,197,jsx-text,"Usernames are first come, first served, and a set of names are reserved for the Service itself. We may reclaim a username that impersonates someone, infringes a trademark, or is chosen to abuse or mislead."
apps/web/src/pages/TermsOfUsePage.tsx,201,jsx-text,"Your personal release feed has a secret token in its URL. Anyone with that URL can read the feed, so treat it like a password — and rotate or revoke it from your settings if it gets out."
apps/web/src/pages/TermsOfUsePage.tsx,206,prop,"Artist profiles and claims"
apps/web/src/pages/TermsOfUsePage.tsx,208,jsx-text,"Unstream generates a page for artists we find, whether or not they've ever heard of us. Artists can claim their page to correct it, add a bio and photo, fix links, and see how their page is performing."
apps/web/src/pages/TermsOfUsePage.tsx,211,jsx-text,"When you claim a profile, you're telling us — and you need it to be true — that:"
apps/web/src/pages/TermsOfUsePage.tsx,213,jsx-text,"You are that artist, or you're authorized by them to manage their presence."
apps/web/src/pages/TermsOfUsePage.tsx,214,jsx-text,"The information you add is accurate and not misleading."
apps/web/src/pages/TermsOfUsePage.tsx,215,jsx-text,"You have the rights to any bio, photo, artwork, or embed you upload or link."
apps/web/src/pages/TermsOfUsePage.tsx,218,jsx-text,"Claiming a profile you have no right to is a serious misuse of the Service. We'll remove the claim, we may suspend the account, and we may hand the profile to the rightful artist."
apps/web/src/pages/TermsOfUsePage.tsx,222,jsx-text,"Verification is our best-effort check that a claim is genuine, using the evidence available to us. A verified badge means we checked; it isn't a guarantee of identity, and it isn't an endorsement, affiliation, or partnership. We may re-review or revoke verification if new information comes to light."
apps/web/src/pages/TermsOfUsePage.tsx,227,jsx-text,"An artist can ask us to correct or remove their page whether or not they've claimed it. Email support@unstream.stream from an address we can connect to the artist, and we'll sort it out."
apps/web/src/pages/TermsOfUsePage.tsx,232,prop,"Your content and the permissions you give us"
apps/web/src/pages/TermsOfUsePage.tsx,234,jsx-text,"""Your Content"" means anything you put into the Service: your bio, photo, links, location, username, featured release, saved list, corrections, and anything you send us. You keep every right you already had in it. We don't claim ownership."
apps/web/src/pages/TermsOfUsePage.tsx,239,jsx-text,"To actually run the Service, we need your permission to handle it. By submitting Your Content, you give us a worldwide, non-exclusive, royalty-free licence to host, store, reproduce, adapt for formatting and display, and publish it — but only to operate, secure, and improve the Service, and only in the places you've chosen to publish it. We don't sell Your Content, and we don't license it to anyone else for their own purposes."
apps/web/src/pages/TermsOfUsePage.tsx,246,jsx-text,"This licence ends when you delete the content or your account, apart from two ordinary exceptions: backups take a short while to age out, and we may keep a record where the law requires it or where we need it to resolve a dispute."
apps/web/src/pages/TermsOfUsePage.tsx,251,jsx-text,"You're responsible for Your Content. Don't post anything unlawful, infringing, deceptive, hateful, or designed to harass someone. We may remove content that breaks these Terms, and we may keep a copy for the record when we do."
apps/web/src/pages/TermsOfUsePage.tsx,256,jsx-text,"If you send us a suggestion or feature idea, we can use it freely and without obligation to you. That's not us claiming your work — it's so we don't have to refuse good ideas out of caution."
apps/web/src/pages/TermsOfUsePage.tsx,261,prop,"Acceptable use"
apps/web/src/pages/TermsOfUsePage.tsx,262,jsx-text,"Please don't:"
apps/web/src/pages/TermsOfUsePage.tsx,264,jsx-text,"Break the law with the Service, or use it to help anyone else do so."
apps/web/src/pages/TermsOfUsePage.tsx,266,jsx-text,"Impersonate an artist, a label, another user, or us — including by claiming a profile that isn't yours, or picking a username designed to be mistaken for someone else."
apps/web/src/pages/TermsOfUsePage.tsx,270,jsx-text,"Scrape, crawl, or bulk-download the Service outside the public API and what our robots.txt allows. The API exists precisely so you don't have to; ask us if you need more than it gives you."
apps/web/src/pages/TermsOfUsePage.tsx,274,jsx-text,"Get around rate limits, quotas, or access controls — including by rotating accounts, keys, or IP addresses."
apps/web/src/pages/TermsOfUsePage.tsx,278,jsx-text,"Probe, scan, or test the security of the Service without asking first. If you find a vulnerability, please report it to support@unstream.stream; we'll take it seriously and we won't come after you for reporting it in good faith."
apps/web/src/pages/TermsOfUsePage.tsx,283,jsx-text,"Overload the Service, or aim automated traffic at it in a way that degrades it for other people."
apps/web/src/pages/TermsOfUsePage.tsx,285,jsx-text,"Upload malware, or use the Service to distribute it."
apps/web/src/pages/TermsOfUsePage.tsx,287,jsx-text,"Use the Service to train a machine learning model on our content, or to build a substantially similar competing directory from our data. Many of the platforms we index have explicit policies against AI-generated music, and we're not going to be the pipe that undermines them."
apps/web/src/pages/TermsOfUsePage.tsx,292,jsx-text,"Misrepresent the payout percentages, verification status, or artist data you get from us when you republish it."
apps/web/src/pages/TermsOfUsePage.tsx,298,prop,"API, apps, extension, and bot"
apps/web/src/pages/TermsOfUsePage.tsx,300,jsx-text,"Public API."
apps/web/src/pages/TermsOfUsePage.tsx,300,jsx-text,"We offer a versioned REST API, documented on our"
apps/web/src/pages/TermsOfUsePage.tsx,302,jsx-text,"developers page"
apps/web/src/pages/TermsOfUsePage.tsx,310,jsx-text,"Browser extension."
apps/web/src/pages/TermsOfUsePage.tsx,310,jsx-text,"The extension reads the artist and track currently showing on the streaming sites it supports, so it can search for alternatives. It doesn't read your credentials, your listening history, or anything on other pages. Your browser's extension store adds its own terms on top of these."
apps/web/src/pages/TermsOfUsePage.tsx,316,jsx-text,"macOS and iOS apps."
apps/web/src/pages/TermsOfUsePage.tsx,316,jsx-text,"The apps read now-playing information from your device to do the same thing, and sync your saved artists if you sign in. Apple's App Store terms apply alongside these Terms, and Apple isn't responsible for the apps — we are. Optional scrobbling to ListenBrainz only happens if you connect it, and is governed by ListenBrainz's own terms."
apps/web/src/pages/TermsOfUsePage.tsx,322,jsx-text,"Where a component of the Service is also published as open source, the licence on that source code governs the code. These Terms govern the hosted Service — running your own copy of the code doesn't put you under these Terms, and using ours does."
apps/web/src/pages/TermsOfUsePage.tsx,328,prop,"Third-party platforms and links"
apps/web/src/pages/TermsOfUsePage.tsx,330,jsx-text,"Almost everything Unstream shows you is a link somewhere else: Bandcamp, Mirlo, Ampwall, Subvert, Faircamp sites, Jam.coop, Patreon, Qobuz, libraries, artists' own stores, and more. We also pull metadata from sources like MusicBrainz, Wikidata, and Discogs."
apps/web/src/pages/TermsOfUsePage.tsx,335,jsx-text,"Those platforms are not ours and we don't control them. We're not responsible for their content, their pricing, their availability, their privacy practices, or how they treat you. When you follow a link, you're leaving Unstream and entering someone else's agreement."
apps/web/src/pages/TermsOfUsePage.tsx,340,jsx-text,"If a purchase goes wrong — the download fails, the artist never sees the money, the refund never arrives — that's between you and that platform. We'll help you figure out who to talk to, but we can't resolve it for you."
apps/web/src/pages/TermsOfUsePage.tsx,346,prop,"Copyright and takedowns"
apps/web/src/pages/TermsOfUsePage.tsx,348,jsx-text,"We respect copyright, and we expect the same. If you believe something on Unstream infringes your copyright, email support@unstream.stream with:"
apps/web/src/pages/TermsOfUsePage.tsx,352,jsx-text,"Enough detail to identify the work you say is infringed."
apps/web/src/pages/TermsOfUsePage.tsx,353,jsx-text,"The URL of the material you want removed."
apps/web/src/pages/TermsOfUsePage.tsx,354,jsx-text,"Your name, address, and email."
apps/web/src/pages/TermsOfUsePage.tsx,356,jsx-text,"A statement that you believe in good faith the use isn't authorized by the rights holder, their agent, or the law."
apps/web/src/pages/TermsOfUsePage.tsx,360,jsx-text,"A statement, under penalty of perjury, that your notice is accurate and that you are the rights holder or authorized to act for them."
apps/web/src/pages/TermsOfUsePage.tsx,363,jsx-text,"Your physical or electronic signature."
apps/web/src/pages/TermsOfUsePage.tsx,366,jsx-text,"We'll review it promptly and remove or disable material where the notice is valid. If your material was removed and you think that was a mistake, send a counter-notice to the same address with the equivalent detail, and we'll handle it under the same process."
apps/web/src/pages/TermsOfUsePage.tsx,371,jsx-text,"We terminate the accounts of repeat infringers. Bear in mind we mostly host links and metadata rather than recordings, so the fastest fix for infringing audio is usually a notice to the platform actually hosting it — but tell us either way and we'll take our listing down."
apps/web/src/pages/TermsOfUsePage.tsx,377,prop,"Donations and support purchases"
apps/web/src/pages/TermsOfUsePage.tsx,379,jsx-text,"Unstream is free. If you choose to support it, you can do so through Ko-fi or make an in-app support purchase in the Apple apps. Both are voluntary, and neither buys you a feature, a service level, priority support, or influence over what we build."
apps/web/src/pages/TermsOfUsePage.tsx,384,jsx-text,"We don't handle your payment details. Ko-fi and Apple process those payments under their own terms, and refunds go through them, not us. Donations are generally non-refundable, and Unstream is not a charity — donations aren't tax-deductible."
apps/web/src/pages/TermsOfUsePage.tsx,390,prop,"Tipping artists"
apps/web/src/pages/TermsOfUsePage.tsx,392,jsx-text,"Some artists take tips through Unstream. When you tip an artist, you are paying that artist directly, for their music: the payment is made to the artist's own Stripe account, and the artist is the seller. Unstream is not a party to that payment, and never receives, holds or forwards the money."
apps/web/src/pages/TermsOfUsePage.tsx,398,jsx-text,"An artist may choose to share a fee of up to 5% of each tip with Unstream. It's their choice, it's zero unless they turn it on, and the tip page shows it before you pay, along with Stripe's processing fee and what reaches the artist."
apps/web/src/pages/TermsOfUsePage.tsx,403,jsx-text,"Tips are unconditional. An artist's goal (""help me press this on vinyl"") is a tracker, not a pledge: your tip goes to the artist straight away whether or not the goal is ever reached, and closing a goal doesn't refund anyone."
apps/web/src/pages/TermsOfUsePage.tsx,408,jsx-text,"Stripe processes your card details under its own terms; we never see them. Because the artist is the seller, any refund, chargeback or payment dispute is between you and the artist, and is handled through the artist's own Stripe account. Unstream doesn't issue refunds, can't reverse a payment, and isn't responsible for an artist's decision on a refund or dispute. To ask for a refund, contact the artist; if you can't reach them, email support@unstream.stream and we'll pass your request on. While the artist's Stripe account is connected to Unstream, refunding a tip returns Unstream's share of the fee on it, as does a dispute the artist loses."
apps/web/src/pages/TermsOfUsePage.tsx,417,jsx-text,"If you take tips as an artist, you are the seller of each tip and the merchant of record for it. You're responsible for refunds, chargebacks and disputes on the tips you receive — including any amount Stripe takes back from your balance and Stripe's dispute fees — and for responding to them; for helping fans with questions about their tips; and for any taxes on what you receive. Unstream isn't liable for any of these. Your Stripe account is also governed by Stripe's own terms."
apps/web/src/pages/TermsOfUsePage.tsx,424,jsx-text,"We may switch off tips for an artist at any time, for example if a profile was claimed by someone who isn't the artist, or for abuse."
apps/web/src/pages/TermsOfUsePage.tsx,429,prop,"Emails we send you"
apps/web/src/pages/TermsOfUsePage.tsx,431,jsx-text,"We send transactional email you can't opt out of while you have an account: sign-in links, password resets, and notices about your account or these Terms."
apps/web/src/pages/TermsOfUsePage.tsx,435,jsx-text,"Everything else is opt-in. Our newsletter is double opt-in — you'll get a confirmation email before you're subscribed to anything — and every issue has an unsubscribe link. Release alerts and feeds are things you switch on yourself and can switch off the same way."
apps/web/src/pages/TermsOfUsePage.tsx,441,prop,"Availability and changes to the Service"
apps/web/src/pages/TermsOfUsePage.tsx,443,jsx-text,"The Service is offered on a best-effort basis by a small independent project. There's no uptime commitment and no support-response guarantee. Things break, upstream platforms change their pages, and sometimes searches fail."
apps/web/src/pages/TermsOfUsePage.tsx,448,jsx-text,"We may add, change, or remove features at any time. If we're removing something you rely on, we'll try to give reasonable notice through the site or by email, and where a change materially reduces what your account can do, we'll say so plainly rather than let you find out by accident."
apps/web/src/pages/TermsOfUsePage.tsx,454,prop,"Suspension and termination"
apps/web/src/pages/TermsOfUsePage.tsx,456,jsx-text,"You can stop using the Service whenever you like, and delete your account by emailing support@unstream.stream."
apps/web/src/pages/TermsOfUsePage.tsx,460,jsx-text,"We may suspend or terminate your account, or remove content, if you break these Terms, if your use puts the Service or other users at risk, or if we're required to by law. Where it's reasonable and lawful to do so, we'll tell you why and give you a chance to put it right — an account is somebody's music library, and we don't intend to delete one over a misunderstanding."
apps/web/src/pages/TermsOfUsePage.tsx,466,jsx-text,"On termination, your public sharing page comes down and your account data is deleted, subject to the backup and legal-record exceptions in section 8. Sections 8, 11, 18, 19, 20, 21, and 23 survive termination."
apps/web/src/pages/TermsOfUsePage.tsx,474,jsx-text,"The Service is provided ""as is"" and ""as available"", without warranties of any kind, whether express, implied, or statutory. To the fullest extent the law allows, we disclaim the implied warranties of merchantability, fitness for a particular purpose, title, and non-infringement."
apps/web/src/pages/TermsOfUsePage.tsx,479,jsx-text,"We don't warrant that the Service will be uninterrupted, secure, or error-free; that search results, artist matches, links, release information, or payout percentages are accurate, complete, or current; or that any third-party platform will remain available or behave as described."
apps/web/src/pages/TermsOfUsePage.tsx,484,jsx-text,"Some jurisdictions don't allow certain warranty exclusions, so parts of this section may not apply to you. Nothing here limits rights you have as a consumer under mandatory local law."
apps/web/src/pages/TermsOfUsePage.tsx,489,prop,"Limitation of liability"
apps/web/src/pages/TermsOfUsePage.tsx,491,jsx-text,"To the fullest extent permitted by law, Unstream and anyone operating it won't be liable for indirect, incidental, special, consequential, exemplary, or punitive damages, or for lost profits, lost data, lost goodwill, or the cost of substitute services, arising from or relating to your use of the Service — even if we were told such damages were possible."
apps/web/src/pages/TermsOfUsePage.tsx,497,jsx-text,"Our total liability for all claims relating to the Service is limited to the greater of (a) the total amount you paid us in the twelve months before the claim, which for nearly everyone is zero, and (b) fifty US dollars (US$50)."
apps/web/src/pages/TermsOfUsePage.tsx,502,jsx-text,"These limits don't apply to liability that can't be excluded by law — including, in many places, liability for fraud, for death or personal injury caused by negligence, and consumer rights that can't be waived. If you're a consumer in the EU, UK, or another jurisdiction with mandatory protections, you keep those rights in full."
apps/web/src/pages/TermsOfUsePage.tsx,508,jsx-text,"We're a free service run by one person. These limits are what make offering it at all reasonable, and they're part of the basis on which we do."
apps/web/src/pages/TermsOfUsePage.tsx,513,prop,"Your responsibility for claims you cause"
apps/web/src/pages/TermsOfUsePage.tsx,515,jsx-text,"If someone brings a claim against us because of Your Content, your use of the Service, or your breach of these Terms — for example, a claim that a bio or photo you uploaded infringes their rights, or that you claimed an artist profile you had no right to — you agree to defend us against it and to cover the resulting damages, losses, and reasonable legal costs. We'll tell you promptly about any such claim and won't settle it without talking to you."
apps/web/src/pages/TermsOfUsePage.tsx,523,prop,"Disputes and governing law"
apps/web/src/pages/TermsOfUsePage.tsx,525,jsx-text,"Talk to us first."
apps/web/src/pages/TermsOfUsePage.tsx,525,jsx-text,"Before starting any formal proceeding, email support@unstream.stream describing the problem and what you'd like done about it. Most things get resolved this way. Please give us 30 days to respond."
apps/web/src/pages/TermsOfUsePage.tsx,530,jsx-text,"These Terms are governed by the laws of the Commonwealth of Massachusetts, USA, without regard to its conflict-of-laws rules. Any dispute that informal resolution doesn't settle will be brought in the state or federal courts located in Massachusetts, and we each consent to that jurisdiction — except that either of us can bring a qualifying claim in small claims court instead."
apps/web/src/pages/TermsOfUsePage.tsx,536,jsx-text,"There's no mandatory arbitration here and no class-action waiver. If you're a consumer resident in the EU, UK, or another jurisdiction whose law entitles you to the protection of your local courts, this section doesn't take that away."
apps/web/src/pages/TermsOfUsePage.tsx,542,prop,"Changes to these Terms"
apps/web/src/pages/TermsOfUsePage.tsx,544,jsx-text,"We may update these Terms as the Service changes. When we do, we'll update the ""Last updated"" date at the top of this page."
apps/web/src/pages/TermsOfUsePage.tsx,548,jsx-text,"For changes that materially affect your rights, we'll give notice before they take effect — through the site and, if you have an account, by email — and we'll aim for at least 30 days' notice unless a shorter period is needed for legal or security reasons. Continuing to use the Service after a change takes effect means you accept it. If you'd rather not, you can delete your account."
apps/web/src/pages/TermsOfUsePage.tsx,555,prop,"Everything else"
apps/web/src/pages/TermsOfUsePage.tsx,558,jsx-text,"Whole agreement."
apps/web/src/pages/TermsOfUsePage.tsx,558,jsx-text,"These Terms and the Privacy Policy are the entire agreement between us about the Service, and replace anything said earlier about it."
apps/web/src/pages/TermsOfUsePage.tsx,562,jsx-text,"If a clause fails."
apps/web/src/pages/TermsOfUsePage.tsx,562,jsx-text,"If any part of these Terms turns out to be unenforceable, the rest stays in force and the unenforceable part is narrowed only as far as needed."
apps/web/src/pages/TermsOfUsePage.tsx,566,jsx-text,"No waiver."
apps/web/src/pages/TermsOfUsePage.tsx,566,jsx-text,"If we don't enforce something straight away, we haven't given up the right to enforce it later."
apps/web/src/pages/TermsOfUsePage.tsx,570,jsx-text,"Assignment."
apps/web/src/pages/TermsOfUsePage.tsx,570,jsx-text,"You can't transfer your rights under these Terms without our consent. We may transfer ours to a successor who takes over the Service, and we'll tell you if that happens."
apps/web/src/pages/TermsOfUsePage.tsx,574,jsx-text,"Things outside our control."
apps/web/src/pages/TermsOfUsePage.tsx,574,jsx-text,"We're not liable for failures caused by events beyond our reasonable control, including outages at the platforms and infrastructure providers we depend on."
apps/web/src/pages/TermsOfUsePage.tsx,578,jsx-text,"No agency."
apps/web/src/pages/TermsOfUsePage.tsx,578,jsx-text,"These Terms don't make either of us the other's partner, employee, or agent, and they don't make us an agent of any artist or platform we list."
apps/web/src/pages/TermsOfUsePage.tsx,586,jsx-text,"Questions, corrections, takedown notices, account deletion, or anything else about these Terms:"
apps/web/src/pages/TermsOfUsePage.tsx,588,jsx-text,"support@unstream.stream"
apps/web/src/pages/TermsOfUsePage.tsx,606,template,"`section-${n}`"
apps/web/src/pages/TipPage.tsx,48,jsx-text,"Loading…"
apps/web/src/pages/TipPage.tsx,57,jsx-text,"Support for their music, paid straight to"
apps/web/src/pages/TipPage.tsx,57,jsx-text,"'s own Stripe account."
apps/web/src/pages/TipPage.tsx,63,jsx-text,"isn't taking tips on Unstream yet."
apps/web/src/pages/TipPage.tsx,64,template,"`/a/${data.artist.slug}`"
apps/web/src/pages/TipPage.tsx,65,jsx-text,"See where else to support them →"
apps/web/src/pages/TipThanksPage.tsx,90,jsx-text,"Thank you"
apps/web/src/pages/TipThanksPage.tsx,92,jsx-text,"Your tip went straight to the artist's own Stripe account. It will appear on your statement under their name."
apps/web/src/pages/TipThanksPage.tsx,100,jsx-text,"Keep track of your tips"
apps/web/src/pages/TipThanksPage.tsx,102,jsx-text,"Sign in or create an account and we'll save this tip to it, so you can see every tip you've left in one place. Entirely optional."
apps/web/src/pages/TipThanksPage.tsx,106,jsx-text,"Save this tip to my account →"
apps/web/src/pages/TipThanksPage.tsx,111,jsx-text,"Saved to your account."
apps/web/src/pages/TipThanksPage.tsx,112,jsx-text,"See your tips"
apps/web/src/pages/TipThanksPage.tsx,117,jsx-text,"Saving this tip to your account…"
apps/web/src/pages/TipThanksPage.tsx,124,jsx-text,"Your receipt"
apps/web/src/pages/TipThanksPage.tsx,124,jsx-text,"comes by email from the artist's Stripe account, under their business name, to the address you gave at checkout."
apps/web/src/pages/TipThanksPage.tsx,128,jsx-text,"Need a refund?"
apps/web/src/pages/TipThanksPage.tsx,128,jsx-text,"The artist is the seller, so refunds come from them; their contact details are on your receipt. If you can't reach them, email"
apps/web/src/pages/TipThanksPage.tsx,130,jsx-text,"support@unstream.stream"
apps/web/src/pages/TipThanksPage.tsx,131,jsx-text,"and we'll pass it on."
apps/web/src/pages/TipThanksPage.tsx,131,jsx-text,"How tipping works"
apps/web/src/pages/TipThanksPage.tsx,137,template,"`/a/${validSlug}`"
apps/web/src/pages/TipThanksPage.tsx,138,jsx-text,"Back to the artist"
apps/web/src/pages/TipThanksPage.tsx,142,jsx-text,"Find more artists"
apps/web/src/services/sources.ts,12,prop,"Artist-friendly music marketplace"
apps/web/src/services/sources.ts,27,prop,"Open source patronage platform"
apps/web/src/services/sources.ts,41,prop,"Modern independent music platform"
apps/web/src/services/sources.ts,56,prop,"Collectively owned music marketplace — 0% platform fees"
apps/web/src/services/sources.ts,71,prop,"ActivityPub-based music community"
apps/web/src/services/sources.ts,84,prop,"Decentralized static music sites"
apps/web/src/services/sources.ts,96,prop,"Creator subscription platform"
apps/web/src/services/sources.ts,108,prop,"Creator support platform"
apps/web/src/services/sources.ts,121,prop,"Creator tip jar and shop"
apps/web/src/services/sources.ts,136,prop,"Library streaming service"
apps/web/src/services/sources.ts,147,prop,"Free library music streaming"
apps/web/src/services/sources.ts,158,prop,"Hi-res music downloads store"
apps/web/src/services/sources.ts,172,prop,"DRM-free DJ & electronic music store"
apps/web/src/services/sources.ts,189,prop,"Direct-to-fan music marketplace"
apps/web/src/services/sources.ts,201,prop,"Artist-owned music cooperative"
apps/web/src/services/sources.ts,215,prop,"Artist's official website"
apps/web/src/services/sources.ts,226,prop,"Music database and marketplace"
apps/web/src/services/sources.ts,238,prop,"Photo and video sharing"
apps/web/src/services/sources.ts,249,prop,"Social networking"
apps/web/src/services/sources.ts,260,prop,"Short-form video"
apps/web/src/services/sources.ts,271,prop,"Video platform"
apps/web/src/services/sources.ts,282,prop,"Text-based social network"
apps/web/src/services/sources.ts,293,prop,"Decentralized social network"
apps/web/src/services/sources.ts,304,prop,"Decentralized social network"
apps/web/src/services/sources.ts,315,prop,"Decentralized video platform"
apps/web/src/services/sources.ts,326,prop,"Artist newsletter"
apps/web/src/services/sources.ts,337,prop,"Wikipedia article"
apps/web/src/services/sources.ts,348,prop,"Recurring donations platform"
apps/web/src/services/sources.ts,360,prop,"Custom link added by artist"
apps/web/src/services/sources.ts,373,prop,"Buy music directly from artists"
apps/web/src/services/sources.ts,378,prop,"Support artists directly"
apps/web/src/services/sources.ts,383,prop,"ActivityPub and self-hosted platforms"
apps/web/src/services/sources.ts,388,prop,"Access through your local library"
apps/web/src/services/sources.ts,393,prop,"Artist websites and profiles"
apps/web/src/services/sources.ts,398,prop,"Artist social media profiles"
apps/web/src/services/sources.ts,403,prop,"Custom links added by the artist"
apps/web/src/utils/collection-grid.ts,23,prop,"Date added"
apps/web/src/utils/collection-grid.ts,24,prop,"Album name (A–Z)"
apps/web/src/utils/collection-grid.ts,25,prop,"Artist name (A–Z)"
